match_id,match_date,stage,home_team,away_team,home_goals,away_goals,target,home_country,away_country,home_elo,away_elo,elo_diff,home_ucl_experience,home_smoothed_gf,home_smoothed_ga,away_ucl_experience,away_smoothed_gf,away_smoothed_ga,home_league_tier,away_league_tier,league_tier_diff
451637,2023-09-19 16:45:00+00:00,GROUP_STAGE,BSC Young Boys,RB Leipzig,1,3,0,Switzerland,Germany,1350.0,1500.0,-150.0,0,1.682341650671785,1.682341650671785,0,1.682341650671785,1.682341650671785,1.0,4.0,-3.0
451623,2023-09-19 16:45:00+00:00,GROUP_STAGE,AC Milan,Newcastle United FC,0,0,1,Italy,England,1500.0,1500.0,0.0,0,1.682341650671785,1.682341650671785,0,1.682341650671785,1.682341650671785,4.0,4.0,0.0
451614,2023-09-19 19:00:00+00:00,GROUP_STAGE,SS Lazio,Club Atlético de Madrid,1,1,1,Italy,Spain,1500.0,1750.0,-250.0,0,1.682341650671785,1.682341650671785,0,1.682341650671785,1.682341650671785,4.0,4.0,0.0
451616,2023-09-19 19:00:00+00:00,GROUP_STAGE,Feyenoord Rotterdam,Celtic FC,2,0,2,Netherlands,Scotland,1450.0,1400.0,50.0,0,1.682341650671785,1.682341650671785,0,1.682341650671785,1.682341650671785,3.0,2.0,1.0
451630,2023-09-19 19:00:00+00:00,GROUP_STAGE,Paris Saint-Germain FC,Borussia Dortmund,2,0,2,France,Germany,1800.0,1750.0,50.0,0,1.682341650671785,1.682341650671785,0,1.682341650671785,1.682341650671785,3.0,4.0,-1.0
451640,2023-09-19 19:00:00+00:00,GROUP_STAGE,Manchester City FC,FK Crvena Zvezda,3,1,2,England,Serbia,1850.0,1350.0,500.0,0,1.682341650671785,1.682341650671785,0,1.682341650671785,1.682341650671785,4.0,1.0,3.0
451647,2023-09-19 19:00:00+00:00,GROUP_STAGE,FC Barcelona,Royal Antwerp FC,5,0,2,Spain,Belgium,1750.0,1400.0,350.0,0,1.682341650671785,1.682341650671785,0,1.682341650671785,1.682341650671785,4.0,2.0,2.0
451654,2023-09-19 19:00:00+00:00,GROUP_STAGE,FK Shakhtar Donetsk,FC Porto,1,3,0,Ukraine,Portugal,1350.0,1450.0,-100.0,0,1.682341650671785,1.682341650671785,0,1.682341650671785,1.682341650671785,1.0,3.0,-2.0
451568,2023-09-20 16:45:00+00:00,GROUP_STAGE,Galatasaray SK,FC København,2,2,1,Turkey,Denmark,1400.0,1350.0,50.0,0,1.682341650671785,1.682341650671785,0,1.682341650671785,1.682341650671785,2.0,1.0,1.0
451586,2023-09-20 16:45:00+00:00,GROUP_STAGE,Real Madrid CF,1. FC Union Berlin,1,0,2,Spain,Germany,1850.0,1500.0,350.0,0,1.682341650671785,1.682341650671785,0,1.682341650671785,1.682341650671785,4.0,4.0,0.0
451600,2023-09-20 19:00:00+00:00,GROUP_STAGE,Real Sociedad de Fútbol,FC Internazionale Milano,1,1,1,Spain,Italy,1500.0,1800.0,-300.0,0,1.682341650671785,1.682341650671785,0,1.682341650671785,1.682341650671785,4.0,4.0,0.0
451584,2023-09-20 19:00:00+00:00,GROUP_STAGE,Sevilla FC,Racing Club de Lens,1,1,1,Spain,France,1500.0,1450.0,50.0,0,1.682341650671785,1.682341650671785,0,1.682341650671785,1.682341650671785,4.0,3.0,1.0
451595,2023-09-20 19:00:00+00:00,GROUP_STAGE,Sporting Clube de Braga,SSC Napoli,1,2,0,Portugal,Italy,1450.0,1500.0,-50.0,0,1.682341650671785,1.682341650671785,0,1.682341650671785,1.682341650671785,3.0,4.0,-1.0
451565,2023-09-20 19:00:00+00:00,GROUP_STAGE,FC Bayern München,Manchester United FC,4,3,2,Germany,England,1850.0,1500.0,350.0,0,1.682341650671785,1.682341650671785,0,1.682341650671785,1.682341650671785,4.0,4.0,0.0
451573,2023-09-20 19:00:00+00:00,GROUP_STAGE,Arsenal FC,PSV,4,0,2,England,Netherlands,1750.0,1450.0,300.0,0,1.682341650671785,1.682341650671785,0,1.682341650671785,1.682341650671785,4.0,3.0,1.0
451606,2023-09-20 19:00:00+00:00,GROUP_STAGE,Sport Lisboa e Benfica,FC Red Bull Salzburg,0,2,0,Portugal,Austria,1450.0,1350.0,100.0,0,1.682341650671785,1.682341650671785,0,1.682341650671785,1.682341650671785,3.0,1.0,2.0
451603,2023-10-03 16:45:00+00:00,GROUP_STAGE,FC Red Bull Salzburg,Real Sociedad de Fútbol,0,2,0,Austria,Spain,1370.8768760865748,1505.6025920798631,-134.7257159932883,1,1.7617562380038387,1.2617562380038387,1,1.5117562380038387,1.5117562380038387,1.0,4.0,-3.0
451587,2023-10-03 16:45:00+00:00,GROUP_STAGE,1. FC Union Berlin,Sporting Clube de Braga,2,3,0,Germany,Portugal,1498.4478102114124,1439.1386701595557,59.30914005185673,1,1.2617562380038387,1.5117562380038387,1,1.5117562380038387,1.7617562380038387,4.0,3.0,1.0
451594,2023-10-03 19:00:00+00:00,GROUP_STAGE,SSC Napoli,Real Madrid CF,2,3,0,Italy,Spain,1510.8613298404443,1851.5521897885876,-340.69085994814327,1,1.7617562380038387,1.5117562380038387,1,1.5117562380038387,1.2617562380038387,4.0,4.0,0.0
451601,2023-10-03 19:00:00+00:00,GROUP_STAGE,FC Internazionale Milano,Sport Lisboa e Benfica,1,0,2,Italy,Portugal,1794.3974079201369,1429.1231239134252,365.2742840067117,1,1.5117562380038387,1.5117562380038387,1,1.2617562380038387,1.7617562380038387,4.0,3.0,1.0
451562,2023-10-03 19:00:00+00:00,GROUP_STAGE,FC København,FC Bayern München,1,2,0,Denmark,Germany,1353.5763383958952,1851.5521897885876,-497.97585139269245,1,1.7617562380038387,1.7617562380038387,1,2.261756238003839,2.011756238003839,1.0,4.0,-3.0
451572,2023-10-03 19:00:00+00:00,GROUP_STAGE,Manchester United FC,Galatasaray SK,2,3,0,England,Turkey,1498.4478102114124,1396.4236616041048,102.02414860730755,1,2.011756238003839,2.261756238003839,1,1.7617562380038387,1.7617562380038387,4.0,2.0,2.0
451576,2023-10-03 19:00:00+00:00,GROUP_STAGE,Racing Club de Lens,Arsenal FC,2,1,2,France,England,1453.5763383958952,1754.035305134269,-300.4589667383739,1,1.5117562380038387,1.5117562380038387,1,2.261756238003839,1.2617562380038387,3.0,4.0,-1.0
451581,2023-10-03 19:00:00+00:00,GROUP_STAGE,PSV,Sevilla FC,2,2,1,Netherlands,Spain,1445.964694865731,1496.4236616041048,-50.458966738373874,1,1.2617562380038387,2.261756238003839,1,1.5117562380038387,1.5117562380038387,3.0,4.0,-1.0
451611,2023-10-04 16:45:00+00:00,GROUP_STAGE,Club Atlético de Madrid,Feyenoord Rotterdam,3,2,2,Spain,Netherlands,1745.4633985544654,1459.0844293606203,286.378969193845,1,1.5117562380038387,1.5117562380038387,1,1.7617562380038387,1.2617562380038387,4.0,3.0,1.0
451655,2023-10-04 16:45:00+00:00,GROUP_STAGE,Royal Antwerp FC,FK Shakhtar Donetsk,2,3,0,Belgium,Ukraine,1396.5291981187372,1336.6710531239155,59.858144994821714,1,1.2617562380038387,2.511756238003839,1,1.5117562380038387,2.011756238003839,2.0,1.0,1.0
451631,2023-10-04 19:00:00+00:00,GROUP_STAGE,Newcastle United FC,Paris Saint-Germain FC,4,1,2,England,France,1502.262736403063,1809.0844293606203,-306.8216929575574,1,1.2617562380038387,1.2617562380038387,1,1.7617562380038387,1.2617562380038387,4.0,3.0,1.0
451617,2023-10-04 19:00:00+00:00,GROUP_STAGE,Celtic FC,SS Lazio,1,2,0,Scotland,Italy,1390.9155706393797,1504.5366014455346,-113.62103080615498,1,1.2617562380038387,1.7617562380038387,1,1.5117562380038387,1.5117562380038387,2.0,4.0,-2.0
451622,2023-10-04 19:00:00+00:00,GROUP_STAGE,Borussia Dortmund,AC Milan,0,0,1,Germany,Italy,1740.9155706393797,1497.737263596937,243.1783070424426,1,1.2617562380038387,1.7617562380038387,1,1.2617562380038387,1.2617562380038387,4.0,4.0,0.0
451644,2023-10-04 19:00:00+00:00,GROUP_STAGE,RB Leipzig,Manchester City FC,1,3,0,Germany,England,1511.3307696644774,1850.9691761469837,-339.6384064825063,1,2.011756238003839,1.5117562380038387,1,2.011756238003839,1.5117562380038387,4.0,4.0,0.0
451646,2023-10-04 19:00:00+00:00,GROUP_STAGE,FC Porto,FC Barcelona,0,1,0,Portugal,Spain,1463.3289468760845,1753.4708018812628,-290.1418550051783,1,2.011756238003839,1.5117562380038387,1,2.511756238003839,1.2617562380038387,3.0,4.0,-1.0
451634,2023-10-04 19:00:00+00:00,GROUP_STAGE,FK Crvena Zvezda,BSC Young Boys,2,2,1,Serbia,Switzerland,1349.0308238530163,1338.6692303355226,10.361593517493702,1,1.5117562380038387,2.011756238003839,1,1.5117562380038387,2.011756238003839,1.0,1.0,0.0
451597,2023-10-24 16:45:00+00:00,GROUP_STAGE,FC Internazionale Milano,FC Red Bull Salzburg,2,1,2,Italy,Austria,1795.8282952598306,1358.9440731738734,436.88422208595716,2,1.409404990403071,1.209404990403071,2,1.409404990403071,1.409404990403071,4.0,1.0,3.0
451564,2023-10-24 16:45:00+00:00,GROUP_STAGE,Galatasaray SK,FC Bayern München,1,3,0,Turkey,Germany,1411.2307644505963,1853.2064212678004,-441.975656817204,2,2.009404990403071,1.8094049904030711,2,2.2094049904030713,1.8094049904030711,2.0,4.0,-2.0
451589,2023-10-24 19:00:00+00:00,GROUP_STAGE,1. FC Union Berlin,SSC Napoli,0,1,0,Germany,Italy,1484.6400757964611,1507.2147793957538,-22.57470359929266,2,1.409404990403071,1.8094049904030711,2,1.8094049904030711,1.8094049904030711,4.0,4.0,0.0
451592,2023-10-24 19:00:00+00:00,GROUP_STAGE,Sporting Clube de Braga,Real Madrid CF,1,2,0,Portugal,Spain,1452.9464045745067,1855.1987402332782,-402.25233565877147,2,1.8094049904030711,1.8094049904030711,2,1.8094049904030711,1.409404990403071,3.0,4.0,-1.0
451608,2023-10-24 19:00:00+00:00,GROUP_STAGE,Sport Lisboa e Benfica,Real Sociedad de Fútbol,0,1,0,Portugal,Spain,1427.6922365737314,1517.5353949925645,-89.84315841883313,2,1.009404990403071,1.6094049904030712,2,1.6094049904030712,1.209404990403071,3.0,4.0,-1.0
451570,2023-10-24 19:00:00+00:00,GROUP_STAGE,Manchester United FC,FC København,1,0,2,England,Denmark,1483.640707364921,1351.9221069166824,131.71860044823848,2,2.009404990403071,2.409404990403071,2,1.6094049904030712,1.8094049904030711,4.0,1.0,3.0
451578,2023-10-24 19:00:00+00:00,GROUP_STAGE,Sevilla FC,Arsenal FC,1,2,0,Spain,England,1497.2718778399246,1738.4236561691755,-241.15177832925087,2,1.6094049904030712,1.6094049904030712,2,2.009404990403071,1.409404990403071,4.0,4.0,0.0
451580,2023-10-24 19:00:00+00:00,GROUP_STAGE,Racing Club de Lens,PSV,1,1,1,France,Netherlands,1469.1879873609887,1445.1164786299112,24.07150873107753,2,1.6094049904030712,1.409404990403071,2,1.409404990403071,2.2094049904030713,3.0,3.0,0.0
451619,2023-10-25 16:45:00+00:00,GROUP_STAGE,Feyenoord Rotterdam,SS Lazio,3,1,2,Netherlands,Italy,1456.9200170247975,1513.5719196899136,-56.65190266511604,2,1.8094049904030711,1.6094049904030712,2,1.6094049904030712,1.409404990403071,3.0,4.0,-1.0
451649,2023-10-25 16:45:00+00:00,GROUP_STAGE,FC Barcelona,FK Shakhtar Donetsk,2,1,2,Spain,Ukraine,1758.0659775013862,1350.4922899822657,407.57368751912054,2,2.2094049904030713,1.009404990403071,2,1.8094049904030711,2.009404990403071,4.0,1.0,3.0
451610,2023-10-25 19:00:00+00:00,GROUP_STAGE,Celtic FC,Club Atlético de Madrid,2,2,1,Scotland,Spain,1381.8802523950008,1747.6278108902882,-365.7475584952874,2,1.209404990403071,1.8094049904030711,2,1.8094049904030711,1.6094049904030712,2.0,4.0,-2.0
451626,2023-10-25 19:00:00+00:00,GROUP_STAGE,Paris Saint-Germain FC,AC Milan,3,0,2,France,Italy,1781.829184508108,1505.0440507096846,276.78513379842343,2,1.6094049904030712,1.8094049904030711,2,1.009404990403071,1.009404990403071,3.0,4.0,-1.0
451642,2023-10-25 19:00:00+00:00,GROUP_STAGE,RB Leipzig,FK Crvena Zvezda,3,1,2,Germany,Serbia,1506.1481726631232,1346.487105564946,159.66106709817723,2,1.8094049904030711,1.8094049904030711,2,1.6094049904030712,2.009404990403071,4.0,1.0,3.0
451628,2023-10-25 19:00:00+00:00,GROUP_STAGE,Newcastle United FC,Borussia Dortmund,0,1,0,England,Germany,1529.5179812555753,1733.6087835266321,-204.09080227105687,2,1.8094049904030711,1.209404990403071,2,1.009404990403071,1.409404990403071,4.0,4.0,0.0
451652,2023-10-25 19:00:00+00:00,GROUP_STAGE,Royal Antwerp FC,FC Porto,1,4,0,Belgium,Portugal,1382.707961260387,1458.733771255961,-76.02580999557404,2,1.409404990403071,2.609404990403071,2,1.6094049904030712,1.409404990403071,2.0,3.0,-1.0
451635,2023-10-25 19:00:00+00:00,GROUP_STAGE,BSC Young Boys,Manchester City FC,1,3,0,Switzerland,England,1341.2129486235929,1856.151773148338,-514.9388245247451,2,1.6094049904030712,2.009404990403071,2,2.2094049904030713,1.409404990403071,1.0,4.0,-3.0
451627,2023-11-07 17:45:00+00:00,GROUP_STAGE,Borussia Dortmund,Newcastle United FC,2,0,2,Germany,England,1740.1816651634872,1522.9450996187202,217.23656554476702,3,1.0078374920025592,1.1745041586692258,3,1.5078374920025592,1.1745041586692258,4.0,4.0,0.0
451650,2023-11-07 17:45:00+00:00,GROUP_STAGE,FK Shakhtar Donetsk,FC Barcelona,1,0,2,Ukraine,Spain,1349.3530258754552,1759.2052416081967,-409.85221573274157,3,1.674504158669226,2.0078374920025595,3,2.174504158669226,1.0078374920025592,1.0,4.0,-3.0
451641,2023-11-07 20:00:00+00:00,GROUP_STAGE,FK Crvena Zvezda,RB Leipzig,1,2,0,Serbia,Germany,1340.7998952497035,1511.8353829783657,-171.03548772866225,3,1.5078374920025592,2.174504158669226,3,2.0078374920025595,1.674504158669226,1.0,4.0,-3.0
451625,2023-11-07 20:00:00+00:00,GROUP_STAGE,AC Milan,Paris Saint-Germain FC,2,1,2,Italy,France,1501.1065128426708,1785.7667223751218,-284.66020953245106,3,0.8411708253358925,1.3411708253358927,3,1.8411708253358927,1.5078374920025592,4.0,3.0,1.0
451636,2023-11-07 20:00:00+00:00,GROUP_STAGE,Manchester City FC,BSC Young Boys,3,0,2,England,Switzerland,1858.2900234567269,1339.074698315204,519.215325141523,3,2.3411708253358925,1.3411708253358927,3,1.5078374920025592,2.174504158669226,4.0,1.0,3.0
451609,2023-11-07 20:00:00+00:00,GROUP_STAGE,Club Atlético de Madrid,Celtic FC,6,0,2,Spain,Scotland,1740.8638124078573,1388.6442508774317,352.2195615304256,3,1.8411708253358927,1.674504158669226,3,1.3411708253358927,1.8411708253358927,4.0,2.0,2.0
451620,2023-11-07 20:00:00+00:00,GROUP_STAGE,SS Lazio,Feyenoord Rotterdam,1,0,2,Italy,Netherlands,1500.3787248757822,1470.113211838929,30.265513036853235,3,1.5078374920025592,1.674504158669226,3,2.0078374920025595,1.5078374920025592,4.0,3.0,1.0
451651,2023-11-07 20:00:00+00:00,GROUP_STAGE,FC Porto,Royal Antwerp FC,2,0,2,Portugal,Belgium,1476.2523937186377,1365.1893387977104,111.06305492092724,3,2.0078374920025595,1.3411708253358927,3,1.3411708253358927,2.8411708253358925,3.0,2.0,1.0
451590,2023-11-08 17:45:00+00:00,GROUP_STAGE,SSC Napoli,1. FC Union Berlin,1,1,1,Italy,Germany,1518.8527239509842,1473.0021312412307,45.85059270975353,3,1.674504158669226,1.5078374920025592,3,1.1745041586692258,1.674504158669226,4.0,4.0,0.0
451607,2023-11-08 17:45:00+00:00,GROUP_STAGE,Real Sociedad de Fútbol,Sport Lisboa e Benfica,3,1,2,Spain,Portugal,1527.2521618934638,1417.975469672832,109.27669222063173,3,1.5078374920025592,1.0078374920025592,3,0.8411708253358925,1.5078374920025592,4.0,3.0,1.0
451569,2023-11-08 20:00:00+00:00,GROUP_STAGE,FC København,Manchester United FC,4,3,2,Denmark,England,1347.3589776949902,1488.203836586613,-140.84485889162283,3,1.3411708253358927,1.674504158669226,3,1.8411708253358927,2.0078374920025595,1.0,4.0,-3.0
451591,2023-11-08 20:00:00+00:00,GROUP_STAGE,Real Madrid CF,Sporting Clube de Braga,3,0,2,Spain,Portugal,1857.9043998695201,1450.2407449382647,407.66365493125545,3,1.8411708253358927,1.3411708253358927,3,1.674504158669226,1.8411708253358927,4.0,3.0,1.0
451598,2023-11-08 20:00:00+00:00,GROUP_STAGE,FC Red Bull Salzburg,FC Internazionale Milano,0,1,0,Austria,Italy,1357.9731025700908,1796.7992658636133,-438.82616329352254,3,1.3411708253358927,1.5078374920025592,3,1.5078374920025592,1.1745041586692258,1.0,4.0,-3.0
451563,2023-11-08 20:00:00+00:00,GROUP_STAGE,FC Bayern München,Galatasaray SK,2,1,2,Germany,Turkey,1856.3372434508422,1408.0999422675545,448.2373011832876,3,2.3411708253358925,1.674504158669226,3,1.8411708253358927,2.0078374920025595,4.0,2.0,2.0
451577,2023-11-08 20:00:00+00:00,GROUP_STAGE,Arsenal FC,Sevilla FC,2,0,2,England,Spain,1744.0916329013662,1491.603901107734,252.4877317936323,3,2.0078374920025595,1.3411708253358927,3,1.5078374920025592,1.674504158669226,4.0,4.0,0.0
451579,2023-11-08 20:00:00+00:00,GROUP_STAGE,PSV,Racing Club de Lens,1,0,2,Netherlands,France,1448.0254117766663,1466.2790542142336,-18.25364243756735,3,1.3411708253358927,2.0078374920025595,3,1.5078374920025592,1.3411708253358927,3.0,3.0,0.0
451618,2023-11-28 17:45:00+00:00,GROUP_STAGE,SS Lazio,Celtic FC,2,0,2,Italy,Scotland,1507.3074586809944,1384.8867450530802,122.42071362791421,4,1.4352892788593365,1.4352892788593365,4,1.1495749931450507,2.4352892788593365,4.0,2.0,2.0
451656,2023-11-28 17:45:00+00:00,GROUP_STAGE,FK Shakhtar Donetsk,Royal Antwerp FC,1,0,2,Ukraine,Belgium,1366.7480980454811,1358.1248188926743,8.623279152806845,4,1.5781464217164793,1.7210035645736224,4,1.1495749931450507,2.721003564573622,1.0,2.0,-1.0
451612,2023-11-28 20:00:00+00:00,GROUP_STAGE,Feyenoord Rotterdam,Club Atlético de Madrid,1,3,0,Netherlands,Spain,1463.1844780337167,1744.6213182322088,-281.43684019849206,4,1.7210035645736224,1.4352892788593365,4,2.4352892788593365,1.4352892788593365,3.0,4.0,-1.0
451621,2023-11-28 20:00:00+00:00,GROUP_STAGE,AC Milan,Borussia Dortmund,1,3,0,Italy,Germany,1516.398700899537,1744.5100074931154,-228.11130659357832,4,1.006717850287908,1.2924321360021938,4,1.1495749931450507,1.006717850287908,4.0,4.0,0.0
451632,2023-11-28 20:00:00+00:00,GROUP_STAGE,Paris Saint-Germain FC,Newcastle United FC,1,1,1,France,England,1770.4745343182556,1518.616757289092,251.85777702916357,4,1.7210035645736224,1.5781464217164793,4,1.2924321360021938,1.2924321360021938,3.0,4.0,-1.0
451633,2023-11-28 20:00:00+00:00,GROUP_STAGE,BSC Young Boys,FK Crvena Zvezda,2,0,2,Switzerland,Serbia,1338.008173109515,1333.3617457695282,4.646427339986758,4,1.2924321360021938,2.2924321360021938,4,1.4352892788593365,2.149574993145051,1.0,1.0,0.0
451643,2023-11-28 20:00:00+00:00,GROUP_STAGE,Manchester City FC,RB Leipzig,3,2,2,England,Germany,1859.356548662416,1519.273532458541,340.0830162038749,4,2.4352892788593365,1.1495749931450507,4,2.006717850287908,1.5781464217164793,4.0,4.0,0.0
451645,2023-11-28 20:00:00+00:00,GROUP_STAGE,FC Barcelona,FC Porto,2,1,2,Spain,Portugal,1741.8101694381708,1483.3169136236738,258.49325581449693,4,1.8638607074307652,1.006717850287908,4,2.006717850287908,1.1495749931450507,4.0,3.0,1.0
451571,2023-11-29 17:45:00+00:00,GROUP_STAGE,Galatasaray SK,Manchester United FC,3,3,1,Turkey,England,1407.1875968114618,1476.4702669088945,-69.28267009743263,4,1.7210035645736224,2.006717850287908,4,2.006717850287908,2.2924321360021938,2.0,4.0,-2.0
451582,2023-11-29 17:45:00+00:00,GROUP_STAGE,Sevilla FC,PSV,2,3,0,Spain,Netherlands,1487.9683150547467,1456.266686035762,31.701629018984704,4,1.2924321360021938,1.7210035645736224,4,1.2924321360021938,1.7210035645736224,4.0,3.0,1.0
451561,2023-11-29 20:00:00+00:00,GROUP_STAGE,FC Bayern München,FC København,0,0,1,Germany,Denmark,1857.2495889069348,1359.0925473727089,498.157041534226,4,2.2924321360021938,1.5781464217164793,4,1.7210035645736224,1.8638607074307652,4.0,1.0,3.0
451575,2023-11-29 20:00:00+00:00,GROUP_STAGE,Arsenal FC,Racing Club de Lens,6,0,2,England,France,1747.7272189543535,1458.037779955138,289.68943899921555,4,2.006717850287908,1.1495749931450507,4,1.2924321360021938,1.2924321360021938,4.0,3.0,1.0
451604,2023-11-29 20:00:00+00:00,GROUP_STAGE,Real Sociedad de Fútbol,FC Red Bull Salzburg,0,0,1,Spain,Austria,1534.371322768875,1355.7233304768026,178.64799229207233,4,1.7210035645736224,1.006717850287908,4,1.1495749931450507,1.4352892788593365,4.0,1.0,3.0
451593,2023-11-29 20:00:00+00:00,GROUP_STAGE,Real Madrid CF,SSC Napoli,4,2,2,Spain,Italy,1859.876699678564,1515.3809816024975,344.4957180760664,4,2.006717850287908,1.1495749931450507,4,1.5781464217164793,1.4352892788593365,4.0,4.0,0.0
451602,2023-11-29 20:00:00+00:00,GROUP_STAGE,Sport Lisboa e Benfica,FC Internazionale Milano,3,3,1,Portugal,Italy,1410.856308797421,1799.0490379569014,-388.19272915948045,4,0.863860707430765,1.7210035645736224,4,1.4352892788593365,1.006717850287908,3.0,4.0,-1.0
451588,2023-11-29 20:00:00+00:00,GROUP_STAGE,Sporting Clube de Braga,1. FC Union Berlin,1,1,1,Portugal,Germany,1448.268445129221,1476.4738735897174,-28.205428460496478,4,1.4352892788593365,2.006717850287908,4,1.1495749931450507,1.5781464217164793,3.0,4.0,-1.0
451574,2023-12-12 17:45:00+00:00,GROUP_STAGE,PSV,Arsenal FC,1,1,1,Netherlands,England,1469.375340321914,1752.9394964760615,-283.56415615414744,5,1.7210035645736224,1.4352892788593365,5,2.2924321360021938,1.1495749931450507,3.0,4.0,-1.0
451583,2023-12-12 17:45:00+00:00,GROUP_STAGE,Racing Club de Lens,Sevilla FC,2,1,2,France,Spain,1452.8255024334298,1474.8596607685945,-22.034158335164648,5,1.1495749931450507,2.006717850287908,5,1.4352892788593365,2.006717850287908,3.0,4.0,-1.0
451585,2023-12-12 20:00:00+00:00,GROUP_STAGE,1. FC Union Berlin,Real Madrid CF,2,3,0,Germany,Spain,1477.9536949437265,1862.136847358325,-384.18315241459845,5,1.2924321360021938,1.5781464217164793,5,2.4352892788593365,1.4352892788593365,4.0,4.0,0.0
451596,2023-12-12 20:00:00+00:00,GROUP_STAGE,SSC Napoli,Sporting Clube de Braga,2,0,2,Italy,Portugal,1513.1208339227364,1446.7886237752118,66.33221014752462,5,1.5781464217164793,1.8638607074307652,5,1.4352892788593365,1.8638607074307652,4.0,3.0,1.0
451599,2023-12-12 20:00:00+00:00,GROUP_STAGE,FC Internazionale Milano,Real Sociedad de Fútbol,0,0,1,Italy,Spain,1791.9497019475143,1528.0530679694352,263.8966339780791,5,1.7210035645736224,1.2924321360021938,5,1.5781464217164793,0.863860707430765,4.0,4.0,0.0
451605,2023-12-12 20:00:00+00:00,GROUP_STAGE,FC Red Bull Salzburg,Sport Lisboa e Benfica,1,3,0,Austria,Portugal,1362.0415852762424,1417.955644806808,-55.91405953056574,5,0.863860707430765,1.4352892788593365,5,1.2924321360021938,1.8638607074307652,1.0,3.0,-2.0
451566,2023-12-12 20:00:00+00:00,GROUP_STAGE,Manchester United FC,FC Bayern München,0,1,0,England,Germany,1476.778638657178,1847.9419560165286,-371.1633173593507,5,2.006717850287908,2.149574993145051,5,1.7210035645736224,1.1495749931450507,4.0,4.0,0.0
451567,2023-12-12 20:00:00+00:00,GROUP_STAGE,FC København,Galatasaray SK,1,0,2,Denmark,Turkey,1368.400180263115,1406.8792250631784,-38.47904480006332,5,1.4352892788593365,1.5781464217164793,5,1.8638607074307652,2.149574993145051,1.0,2.0,-1.0
451638,2023-12-13 17:45:00+00:00,GROUP_STAGE,RB Leipzig,BSC Young Boys,2,1,2,Germany,Switzerland,1517.6376139333556,1348.771421882923,168.86619205043257,5,1.8638607074307652,1.8638607074307652,5,1.4352892788593365,1.8638607074307652,4.0,1.0,3.0
451639,2023-12-13 17:45:00+00:00,GROUP_STAGE,FK Crvena Zvezda,Manchester City FC,2,3,0,Serbia,England,1322.59849699612,1860.9924671876013,-538.3939701914812,5,1.2924321360021938,2.006717850287908,5,2.4352892788593365,1.2924321360021938,1.0,4.0,-3.0
451648,2023-12-13 20:00:00+00:00,GROUP_STAGE,Royal Antwerp FC,FC Barcelona,3,2,2,Belgium,Spain,1350.6216825988286,1744.304457651346,-393.6827750525174,5,1.1495749931450507,2.149574993145051,5,1.4352892788593365,1.1495749931450507,2.0,4.0,-2.0
451653,2023-12-13 20:00:00+00:00,GROUP_STAGE,FC Porto,FK Shakhtar Donetsk,5,3,2,Portugal,Ukraine,1480.8226254104986,1374.2512343393269,106.57139107117177,5,1.7210035645736224,1.2924321360021938,5,1.5781464217164793,1.2924321360021938,3.0,1.0,2.0
451629,2023-12-13 20:00:00+00:00,GROUP_STAGE,Borussia Dortmund,Paris Saint-Germain FC,1,1,1,Germany,France,1752.9638456962653,1763.0534168817112,-10.089571185445948,5,1.5781464217164793,0.863860707430765,5,1.5781464217164793,1.7210035645736224,4.0,3.0,1.0
451615,2023-12-13 20:00:00+00:00,GROUP_STAGE,Celtic FC,Feyenoord Rotterdam,2,1,2,Scotland,Netherlands,1378.163043265028,1456.4317050394088,-78.26866177438092,5,1.1495749931450507,2.4352892788593365,5,1.5781464217164793,1.8638607074307652,2.0,3.0,-1.0
451613,2023-12-13 20:00:00+00:00,GROUP_STAGE,Club Atlético de Madrid,SS Lazio,2,0,2,Spain,Italy,1751.3740912265166,1514.0311604690467,237.34293075746996,5,2.721003564573622,1.4352892788593365,5,1.5781464217164793,1.2924321360021938,4.0,4.0,0.0
451624,2023-12-13 20:00:00+00:00,GROUP_STAGE,Newcastle United FC,AC Milan,1,2,0,England,Italy,1526.0378747256364,1507.9448626963872,18.093012029249167,5,1.4352892788593365,1.4352892788593365,5,1.1495749931450507,1.7210035645736224,4.0,4.0,0.0
451663,2024-02-13 20:00:00+00:00,LAST_16,FC København,Manchester City FC,1,3,0,Denmark,England,1377.2107680794581,1862.3262106530747,-485.1154425736165,6,1.4352892788593365,1.2924321360021938,6,2.4352892788593365,1.4352892788593365,1.0,4.0,-3.0
451664,2024-02-13 20:00:00+00:00,LAST_16,RB Leipzig,Real Madrid CF,0,1,0,Germany,Spain,1521.4915262289237,1865.0952217757192,-343.6036955467955,6,2.006717850287908,1.5781464217164793,6,2.4352892788593365,1.4352892788593365,4.0,4.0,0.0
451659,2024-02-14 20:00:00+00:00,LAST_16,Paris Saint-Germain FC,Real Sociedad de Fútbol,2,0,2,France,Spain,1765.038876505397,1535.6258983270795,229.41297817831742,6,1.5781464217164793,1.2924321360021938,6,1.2924321360021938,0.863860707430765,3.0,4.0,-1.0
451662,2024-02-14 20:00:00+00:00,LAST_16,SS Lazio,FC Bayern München,1,0,2,Italy,Germany,1510.1103048730643,1851.09428527542,-340.98398040235566,6,1.2924321360021938,1.4352892788593365,6,1.5781464217164793,1.006717850287908,4.0,4.0,0.0
451660,2024-02-20 20:00:00+00:00,LAST_16,FC Internazionale Milano,Club Atlético de Madrid,1,0,2,Italy,Spain,1784.37687158987,1755.294946822499,29.081924767370992,6,1.5781464217164793,1.2924321360021938,6,2.5781464217164793,1.1495749931450507,4.0,4.0,0.0
451661,2024-02-20 20:00:00+00:00,LAST_16,PSV,Borussia Dortmund,1,1,1,Netherlands,Germany,1474.6447789565625,1750.9783860725795,-276.333607116017,6,1.5781464217164793,1.2924321360021938,6,1.7210035645736224,1.006717850287908,3.0,4.0,-1.0
451657,2024-02-21 20:00:00+00:00,LAST_16,FC Porto,Arsenal FC,1,0,2,Portugal,England,1488.0250679554943,1747.6700578414132,-259.6449898859189,6,2.4352892788593365,1.5781464217164793,6,2.2924321360021938,1.006717850287908,3.0,4.0,-1.0
451658,2024-02-21 20:00:00+00:00,LAST_16,SSC Napoli,FC Barcelona,1,1,1,Italy,Spain,1521.6354979409637,1727.1276223441564,-205.49212440319275,6,1.5781464217164793,1.4352892788593365,6,1.5781464217164793,1.5781464217164793,4.0,4.0,0.0
451667,2024-03-05 20:00:00+00:00,LAST_16,Real Sociedad de Fútbol,Paris Saint-Germain FC,1,2,0,Spain,France,1531.5483143496244,1769.116460482852,-237.56814613322763,7,1.1495749931450507,1.1495749931450507,7,1.4352892788593365,1.2924321360021938,4.0,3.0,1.0
451670,2024-03-05 20:00:00+00:00,LAST_16,FC Bayern München,SS Lazio,3,0,2,Germany,Italy,1834.735807311091,1526.468782837393,308.26702447369803,7,1.1495749931450507,1.006717850287908,7,1.2924321360021938,1.006717850287908,4.0,4.0,0.0
451671,2024-03-06 20:00:00+00:00,LAST_16,Manchester City FC,FC København,3,1,2,England,Denmark,1864.8294989301478,1374.707479802385,490.12201912776277,7,2.4352892788593365,1.4352892788593365,7,1.5781464217164793,1.5781464217164793,4.0,1.0,3.0
451672,2024-03-06 20:00:00+00:00,LAST_16,Real Madrid CF,RB Leipzig,1,1,1,Spain,Germany,1868.6920425048093,1517.8947054998337,350.7973370049756,7,2.2924321360021938,1.2924321360021938,7,1.5781464217164793,1.5781464217164793,4.0,4.0,0.0
451666,2024-03-12 20:00:00+00:00,LAST_16,FC Barcelona,SSC Napoli,3,1,2,Spain,Italy,1723.6649572176889,1525.0981630674312,198.5667941502577,7,1.4352892788593365,1.5781464217164793,7,1.5781464217164793,1.5781464217164793,4.0,4.0,0.0
451665,2024-03-12 20:00:00+00:00,LAST_16,Arsenal FC,FC Porto,5,2,2,England,Portugal,1732.915781768565,1502.7793440283424,230.13643774022262,7,2.006717850287908,1.006717850287908,7,2.006717850287908,1.4352892788593365,4.0,3.0,1.0
451668,2024-03-13 20:00:00+00:00,LAST_16,Club Atlético de Madrid,FC Internazionale Milano,5,3,2,Spain,Italy,1748.3353277876336,1791.3364906247355,-43.0011628371019,7,2.2924321360021938,1.006717850287908,7,1.4352892788593365,1.1495749931450507,4.0,4.0,0.0
451669,2024-03-13 20:00:00+00:00,LAST_16,Borussia Dortmund,PSV,2,0,2,Germany,Netherlands,1745.860917578583,1479.762247450559,266.09867012802397,7,1.7210035645736224,1.1495749931450507,7,1.5781464217164793,1.2924321360021938,4.0,3.0,1.0
451673,2024-04-09 19:00:00+00:00,QUARTER_FINALS,Arsenal FC,FC Bayern München,2,2,1,England,Germany,1737.8920086527594,1838.083768408869,-100.1917597561096,8,2.4352892788593365,1.2924321360021938,8,1.2924321360021938,0.863860707430765,4.0,4.0,0.0
451675,2024-04-09 19:00:00+00:00,QUARTER_FINALS,Real Madrid CF,Manchester City FC,3,3,1,Spain,England,1860.2376736298677,1865.8533288901604,-5.6156552602926695,8,2.006717850287908,1.4352892788593365,8,2.4352892788593365,1.5781464217164793,4.0,4.0,0.0
451674,2024-04-10 19:00:00+00:00,QUARTER_FINALS,Club Atlético de Madrid,Borussia Dortmund,2,1,2,Spain,Germany,1760.9771174393175,1749.255406689623,11.721710749694466,8,2.149574993145051,1.4352892788593365,8,1.7210035645736224,1.1495749931450507,4.0,4.0,0.0
451676,2024-04-10 19:00:00+00:00,QUARTER_FINALS,Paris Saint-Germain FC,FC Barcelona,2,3,0,France,Spain,1774.8685988415796,1728.4021407983969,46.46645804318268,8,1.5781464217164793,1.1495749931450507,8,1.8638607074307652,1.5781464217164793,3.0,4.0,-1.0
451680,2024-04-16 19:00:00+00:00,QUARTER_FINALS,FC Barcelona,Paris Saint-Germain FC,1,4,0,Spain,France,1741.8894630544573,1761.3812765855191,-19.49181353106178,9,2.006717850287908,1.7210035645736224,9,1.7210035645736224,1.4352892788593365,4.0,3.0,1.0
451678,2024-04-16 19:00:00+00:00,QUARTER_FINALS,Borussia Dortmund,Club Atlético de Madrid,4,2,2,Germany,Spain,1741.8357026592096,1768.3968214697309,-26.561118810521293,9,1.4352892788593365,1.2924321360021938,9,2.006717850287908,1.4352892788593365,4.0,4.0,0.0
451677,2024-04-17 19:00:00+00:00,QUARTER_FINALS,FC Bayern München,Arsenal FC,1,0,2,Germany,England,1837.503256265579,1738.4725207960494,99.03073546952965,9,1.5781464217164793,1.1495749931450507,9,1.8638607074307652,1.5781464217164793,4.0,4.0,0.0
451679,2024-04-17 19:00:00+00:00,QUARTER_FINALS,Manchester City FC,Real Madrid CF,4,5,0,England,Spain,1867.9621597629525,1858.1288427570755,9.833317005877007,9,2.4352892788593365,1.7210035645736224,9,1.8638607074307652,1.5781464217164793,4.0,4.0,0.0
451682,2024-04-30 19:00:00+00:00,SEMI_FINALS,FC Bayern München,Real Madrid CF,2,2,1,Germany,Spain,1842.7626751937237,1870.658334374612,-27.895659180888288,10,1.5781464217164793,1.1495749931450507,10,2.149574993145051,1.8638607074307652,4.0,4.0,0.0
451681,2024-05-01 19:00:00+00:00,SEMI_FINALS,Borussia Dortmund,Paris Saint-Germain FC,1,0,2,Germany,France,1753.8196363151162,1781.6881331547393,-27.86849683962305,10,1.8638607074307652,1.4352892788593365,10,2.149574993145051,1.4352892788593365,4.0,3.0,1.0
451683,2024-05-07 19:00:00+00:00,SEMI_FINALS,Paris Saint-Germain FC,Borussia Dortmund,0,1,0,France,Germany,1773.1774384498256,1762.33033102003,10.847107429795642,11,1.8638607074307652,1.5781464217164793,11,1.8638607074307652,1.2924321360021938,3.0,4.0,-1.0
451684,2024-05-08 19:00:00+00:00,SEMI_FINALS,Real Madrid CF,FC Bayern München,2,1,2,Spain,Germany,1872.146875206223,1841.2741343621126,30.872740844110467,11,2.2924321360021938,2.149574993145051,11,1.8638607074307652,1.2924321360021938,4.0,4.0,0.0
451685,2024-06-01 19:00:00+00:00,FINAL,Borussia Dortmund,Real Madrid CF,0,2,0,Germany,Spain,1774.8871146671545,1879.0597886868577,-104.17267401970321,12,1.7210035645736224,1.2924321360021938,12,2.4352892788593365,2.149574993145051,4.0,4.0,0.0
524039,2024-09-17 16:45:00+00:00,LEAGUE_STAGE,BSC Young Boys,Aston Villa FC,0,3,0,Switzerland,England,1344.917509587355,1500.0,-155.08249041264503,6,1.2924321360021938,1.8638607074307652,0,1.682341650671785,1.682341650671785,1.0,4.0,-3.0
523998,2024-09-17 16:45:00+00:00,LEAGUE_STAGE,Juventus FC,PSV,3,1,2,Italy,Netherlands,1750.0,1476.367758339519,273.632241660481,0,1.682341650671785,1.682341650671785,8,1.4352892788593365,1.5781464217164793,4.0,3.0,1.0
523967,2024-09-17 19:00:00+00:00,LEAGUE_STAGE,Real Madrid CF,VfB Stuttgart,3,1,2,Spain,Germany,1892.2195761548103,1500.0,392.2195761548103,13,2.2924321360021938,1.7210035645736224,0,1.682341650671785,1.682341650671785,4.0,4.0,0.0
523968,2024-09-17 19:00:00+00:00,LEAGUE_STAGE,AC Milan,Liverpool FC,1,3,0,Italy,England,1520.6955049644787,1800.0,-279.3044950355213,6,1.4352892788593365,1.8638607074307652,0,1.682341650671785,1.682341650671785,4.0,4.0,0.0
524034,2024-09-17 19:00:00+00:00,LEAGUE_STAGE,Sporting Clube de Portugal,Lille OSC,2,0,2,Portugal,France,1450.0,1450.0,0.0,0,1.682341650671785,1.682341650671785,0,1.682341650671785,1.682341650671785,3.0,3.0,0.0
523934,2024-09-17 19:00:00+00:00,LEAGUE_STAGE,FC Bayern München,GNK Dinamo Zagreb,9,2,2,Germany,Croatia,1834.361220881478,1350.0,484.36122088147795,12,1.5781464217164793,1.5781464217164793,0,1.682341650671785,1.682341650671785,4.0,1.0,3.0
524049,2024-09-18 16:45:00+00:00,LEAGUE_STAGE,Bologna FC 1909,FK Shakhtar Donetsk,0,0,1,Italy,Ukraine,1500.0,1367.0487917943312,132.95120820566876,0,1.682341650671785,1.682341650671785,6,1.5781464217164793,1.7210035645736224,4.0,1.0,3.0
524062,2024-09-18 16:45:00+00:00,LEAGUE_STAGE,AC Sparta Praha,FC Red Bull Salzburg,3,0,2,Czech Republic,Austria,1350.0,1346.9206149548882,3.0793850451118487,0,1.682341650671785,1.682341650671785,6,1.006717850287908,1.5781464217164793,1.0,1.0,0.0
524007,2024-09-18 19:00:00+00:00,LEAGUE_STAGE,Celtic FC,ŠK Slovan Bratislava,5,1,2,Scotland,Slovakia,1388.1132117576371,1350.0,38.113211757637146,6,1.2924321360021938,2.2924321360021938,0,1.682341650671785,1.682341650671785,2.0,1.0,1.0
523952,2024-09-18 19:00:00+00:00,LEAGUE_STAGE,Manchester City FC,FC Internazionale Milano,0,0,1,England,Italy,1855.432668145416,1778.6947009730516,76.7379671723645,10,2.5781464217164793,2.149574993145051,8,1.7210035645736224,1.8638607074307652,4.0,4.0,0.0
523988,2024-09-18 19:00:00+00:00,LEAGUE_STAGE,Club Brugge KV,Borussia Dortmund,0,3,0,Belgium,Germany,1400.0,1761.727327199202,-361.7273271992019,0,1.682341650671785,1.682341650671785,13,1.5781464217164793,1.2924321360021938,2.0,4.0,-2.0
523959,2024-09-18 19:00:00+00:00,LEAGUE_STAGE,Paris Saint-Germain FC,Girona FC,1,0,2,France,Spain,1760.620654802701,1500.0,260.620654802701,12,1.5781464217164793,1.5781464217164793,0,1.682341650671785,1.682341650671785,3.0,4.0,-1.0
524013,2024-09-19 16:45:00+00:00,LEAGUE_STAGE,Feyenoord Rotterdam,Bayer 04 Leverkusen,0,4,0,Netherlands,Germany,1446.4815365467996,1700.0,-253.5184634532004,6,1.4352892788593365,1.7210035645736224,0,1.682341650671785,1.682341650671785,3.0,4.0,-1.0
524029,2024-09-19 16:45:00+00:00,LEAGUE_STAGE,FK Crvena Zvezda,Sport Lisboa e Benfica,1,2,0,Serbia,Portugal,1321.2647535306467,1433.0766151281623,-111.81186159751564,6,1.2924321360021938,2.149574993145051,6,1.7210035645736224,1.8638607074307652,1.0,3.0,-2.0
524040,2024-09-19 19:00:00+00:00,LEAGUE_STAGE,AS Monaco FC,FC Barcelona,2,1,2,Monaco,Spain,1350.0,1721.5826064852372,-371.5826064852372,0,1.682341650671785,1.682341650671785,10,1.8638607074307652,1.8638607074307652,1.0,4.0,-3.0
524067,2024-09-19 19:00:00+00:00,LEAGUE_STAGE,Stade Brestois 29,SK Sturm Graz,2,1,2,France,Austria,1450.0,1350.0,100.0,0,1.682341650671785,1.682341650671785,0,1.682341650671785,1.682341650671785,3.0,1.0,2.0
523973,2024-09-19 19:00:00+00:00,LEAGUE_STAGE,Atalanta BC,Arsenal FC,0,0,1,Italy,England,1500.0,1733.2131018679047,-233.2131018679047,0,1.682341650671785,1.682341650671785,10,1.7210035645736224,1.5781464217164793,4.0,4.0,0.0
523976,2024-09-19 19:00:00+00:00,LEAGUE_STAGE,Club Atlético de Madrid,RB Leipzig,2,1,2,Spain,Germany,1756.4128878138242,1526.3490743747752,230.063813439049,10,2.006717850287908,2.006717850287908,8,1.4352892788593365,1.5781464217164793,4.0,4.0,0.0
524075,2024-10-01 16:45:00+00:00,LEAGUE_STAGE,VfB Stuttgart,AC Sparta Praha,1,1,1,Germany,Czech Republic,1498.2491675061124,1363.2559740830834,134.99319342302897,1,1.5117562380038387,2.011756238003839,1,2.011756238003839,1.2617562380038387,4.0,1.0,3.0
524027,2024-10-01 16:45:00+00:00,LEAGUE_STAGE,FC Red Bull Salzburg,Stade Brestois 29,0,4,0,Austria,France,1333.6646408718047,1455.2378193491916,-121.57317847738682,7,0.863860707430765,1.7210035645736224,1,1.7617562380038387,1.5117562380038387,1.0,3.0,-2.0
524022,2024-10-01 19:00:00+00:00,LEAGUE_STAGE,PSV,Sporting Clube de Portugal,1,1,1,Netherlands,Portugal,1473.100690480001,1460.9421431144442,12.158547365556842,9,1.1495749931450507,1.7210035645736224,1,1.7617562380038387,1.2617562380038387,3.0,3.0,0.0
523992,2024-10-01 19:00:00+00:00,LEAGUE_STAGE,Arsenal FC,Paris Saint-Germain FC,2,0,2,England,France,1729.0685147152474,1763.088329376189,-34.01981466094162,11,1.7210035645736224,1.4352892788593365,13,1.4352892788593365,1.1495749931450507,4.0,3.0,1.0
523981,2024-10-01 19:00:00+00:00,LEAGUE_STAGE,Bayer 04 Leverkusen,AC Milan,1,0,2,Germany,Italy,1710.7666831977651,1513.8794304580767,196.8872527396884,1,2.261756238003839,1.2617562380038387,7,1.5781464217164793,1.8638607074307652,4.0,4.0,0.0
523938,2024-10-01 19:00:00+00:00,LEAGUE_STAGE,Borussia Dortmund,Celtic FC,7,1,2,Germany,Scotland,1767.4418225430936,1401.564428951131,365.8773935919626,14,1.4352892788593365,1.006717850287908,7,1.7210035645736224,2.149574993145051,4.0,2.0,2.0
523942,2024-10-01 19:00:00+00:00,LEAGUE_STAGE,FC Barcelona,BSC Young Boys,5,0,2,Spain,Switzerland,1704.7285317373392,1331.2828460509359,373.4456856864033,11,1.8638607074307652,2.006717850287908,7,1.1495749931450507,1.8638607074307652,4.0,1.0,3.0
524056,2024-10-01 19:00:00+00:00,LEAGUE_STAGE,ŠK Slovan Bratislava,Manchester City FC,0,4,0,Slovakia,England,1336.548782806506,1851.2044092380481,-514.655626431542,1,1.5117562380038387,2.511756238003839,11,2.149574993145051,2.006717850287908,1.0,4.0,-3.0
523950,2024-10-01 19:00:00+00:00,LEAGUE_STAGE,FC Internazionale Milano,FK Crvena Zvezda,4,0,2,Italy,Serbia,1782.9229598804195,1312.1778223388146,470.7451375416049,9,1.2924321360021938,1.4352892788593365,7,1.2924321360021938,2.006717850287908,4.0,1.0,3.0
524054,2024-10-02 16:45:00+00:00,LEAGUE_STAGE,Girona FC,Feyenoord Rotterdam,2,3,0,Spain,Netherlands,1497.532325426512,1435.7148533490345,61.81747207747753,1,1.2617562380038387,1.5117562380038387,7,1.006717850287908,2.149574993145051,4.0,3.0,1.0
524001,2024-10-02 16:45:00+00:00,LEAGUE_STAGE,FK Shakhtar Donetsk,Atalanta BC,0,3,0,Ukraine,Italy,1372.5106047252289,1504.1445871526573,-131.63398242742846,7,1.4352892788593365,1.4352892788593365,1,1.2617562380038387,1.2617562380038387,1.0,4.0,-3.0
524069,2024-10-02 19:00:00+00:00,LEAGUE_STAGE,SK Sturm Graz,Club Brugge KV,0,1,0,Austria,Belgium,1344.7621806508084,1394.2855046561083,-49.523324005299855,1,1.5117562380038387,1.7617562380038387,1,1.2617562380038387,2.011756238003839,1.0,2.0,-1.0
523947,2024-10-02 19:00:00+00:00,LEAGUE_STAGE,Liverpool FC,Bologna FC 1909,2,0,2,England,Italy,1806.816074506402,1494.5381870691024,312.27788743729957,1,2.011756238003839,1.5117562380038387,1,1.2617562380038387,1.2617562380038387,4.0,4.0,0.0
524044,2024-10-02 19:00:00+00:00,LEAGUE_STAGE,Aston Villa FC,FC Bayern München,1,0,2,England,Germany,1513.634663536419,1836.3388011186692,-322.70413758225004,1,2.011756238003839,1.2617562380038387,13,2.5781464217164793,1.5781464217164793,4.0,4.0,0.0
524016,2024-10-02 19:00:00+00:00,LEAGUE_STAGE,Lille OSC,Real Madrid CF,1,0,2,France,Spain,1439.0578568855558,1893.970408648698,-454.9125517631421,1,1.2617562380038387,1.7617562380038387,14,2.006717850287908,1.2924321360021938,3.0,4.0,-1.0
524011,2024-10-02 19:00:00+00:00,LEAGUE_STAGE,GNK Dinamo Zagreb,AS Monaco FC,2,2,1,Croatia,Monaco,1348.0224197628088,1366.854074747898,-18.831654985089244,1,1.7617562380038387,3.511756238003839,1,1.7617562380038387,1.5117562380038387,1.0,1.0,0.0
523961,2024-10-02 19:00:00+00:00,LEAGUE_STAGE,RB Leipzig,Juventus FC,2,3,0,Germany,Italy,1523.4750197346082,1753.267067859518,-229.7920481249098,9,1.2924321360021938,1.4352892788593365,1,2.011756238003839,1.5117562380038387,4.0,4.0,0.0
523985,2024-10-02 19:00:00+00:00,LEAGUE_STAGE,Sport Lisboa e Benfica,Club Atlético de Madrid,4,0,2,Portugal,Spain,1442.1635463199943,1759.2869424539913,-317.12339613399695,7,2.006717850287908,1.8638607074307652,11,2.2924321360021938,2.006717850287908,3.0,4.0,-1.0
523969,2024-10-22 16:45:00+00:00,LEAGUE_STAGE,AC Milan,Club Brugge KV,3,1,2,Italy,Belgium,1510.502687592832,1405.1604509309263,105.34223666190564,8,1.2924321360021938,1.8638607074307652,2,1.209404990403071,1.6094049904030712,4.0,2.0,2.0
524042,2024-10-22 16:45:00+00:00,LEAGUE_STAGE,AS Monaco FC,FK Crvena Zvezda,5,1,2,Monaco,Serbia,1368.5966738341926,1310.5659377324562,58.030736101736466,2,1.8094049904030711,1.6094049904030712,8,1.1495749931450507,2.2924321360021938,1.0,1.0,0.0
524055,2024-10-22 19:00:00+00:00,LEAGUE_STAGE,Girona FC,ŠK Slovan Bratislava,2,0,2,Spain,Slovakia,1483.6630332306956,1333.520280054589,150.14275317610668,2,1.409404990403071,1.8094049904030711,2,1.209404990403071,2.8094049904030713,4.0,1.0,3.0
524070,2024-10-22 19:00:00+00:00,LEAGUE_STAGE,SK Sturm Graz,Sporting Clube de Portugal,0,2,0,Austria,Portugal,1333.8872343759904,1463.5341713276962,-129.6469369517058,2,1.209404990403071,1.6094049904030712,2,1.6094049904030712,1.209404990403071,1.0,3.0,-2.0
523958,2024-10-22 19:00:00+00:00,LEAGUE_STAGE,Paris Saint-Germain FC,PSV,1,1,1,France,Netherlands,1750.806936234276,1470.508662266749,280.29827396752694,14,0.863860707430765,1.2924321360021938,10,1.1495749931450507,1.7210035645736224,3.0,3.0,0.0
523999,2024-10-22 19:00:00+00:00,LEAGUE_STAGE,Juventus FC,VfB Stuttgart,0,1,0,Italy,Germany,1759.2043639972699,1492.7462467752384,266.45811722203143,2,2.2094049904030713,1.6094049904030712,2,1.409404990403071,1.8094049904030711,4.0,4.0,0.0
524047,2024-10-22 19:00:00+00:00,LEAGUE_STAGE,Aston Villa FC,Bologna FC 1909,2,0,2,England,Italy,1529.669184591483,1491.8610742713572,37.80811032012571,2,1.8094049904030711,1.009404990403071,2,1.009404990403071,1.409404990403071,4.0,4.0,0.0
523964,2024-10-22 19:00:00+00:00,LEAGUE_STAGE,Real Madrid CF,Borussia Dortmund,5,2,2,Spain,Germany,1876.0418130379649,1770.9354853896632,105.10632764830166,15,1.7210035645736224,1.1495749931450507,15,2.2924321360021938,1.1495749931450507,4.0,4.0,0.0
523993,2024-10-22 19:00:00+00:00,LEAGUE_STAGE,Arsenal FC,FK Shakhtar Donetsk,1,0,2,England,Ukraine,1741.3499078571604,1357.7453914441055,383.60451641305485,12,1.2924321360021938,1.1495749931450507,8,1.2924321360021938,1.8638607074307652,4.0,1.0,3.0
524065,2024-10-23 16:45:00+00:00,LEAGUE_STAGE,Stade Brestois 29,Bayer 04 Leverkusen,1,1,1,France,Germany,1472.8560313503228,1714.1434260630099,-241.28739471268705,2,2.2094049904030713,1.209404990403071,2,2.009404990403071,1.009404990403071,3.0,4.0,-1.0
523974,2024-10-23 16:45:00+00:00,LEAGUE_STAGE,Atalanta BC,Celtic FC,0,0,1,Italy,Scotland,1518.9098004337807,1398.0707661045615,120.8390343292192,2,1.6094049904030712,1.009404990403071,8,1.8638607074307652,2.2924321360021938,4.0,2.0,2.0
523978,2024-10-23 19:00:00+00:00,LEAGUE_STAGE,Club Atlético de Madrid,Lille OSC,1,3,0,Spain,France,1727.4241492714318,1456.986452496289,270.43769677514274,12,1.5781464217164793,2.149574993145051,2,1.209404990403071,1.409404990403071,4.0,3.0,1.0
523960,2024-10-23 19:00:00+00:00,LEAGUE_STAGE,RB Leipzig,Liverpool FC,0,1,0,Germany,England,1517.5377235968563,1809.493187304147,-291.95546370729085,10,1.2924321360021938,1.7210035645736224,2,2.009404990403071,1.209404990403071,4.0,4.0,0.0
523955,2024-10-23 19:00:00+00:00,LEAGUE_STAGE,Manchester City FC,AC Sparta Praha,5,0,2,England,Czech Republic,1854.2329119899653,1368.7588948139573,485.4740171760079,12,2.2924321360021938,1.8638607074307652,2,1.8094049904030711,1.209404990403071,4.0,1.0,3.0
523986,2024-10-23 19:00:00+00:00,LEAGUE_STAGE,Sport Lisboa e Benfica,Feyenoord Rotterdam,1,3,0,Portugal,Netherlands,1474.0263395025538,1449.5841455448508,24.44219395770301,8,2.4352892788593365,1.4352892788593365,8,1.4352892788593365,2.2924321360021938,3.0,3.0,0.0
524026,2024-10-23 19:00:00+00:00,LEAGUE_STAGE,FC Red Bull Salzburg,GNK Dinamo Zagreb,0,2,0,Austria,Croatia,1316.0464288706735,1346.2798206765142,-30.23339180584071,8,0.863860707430765,2.149574993145051,2,1.8094049904030711,3.2094049904030713,1.0,1.0,0.0
523940,2024-10-23 19:00:00+00:00,LEAGUE_STAGE,FC Barcelona,FC Bayern München,4,1,2,Spain,Germany,1707.7911438351357,1820.3042800636053,-112.51313622846965,12,2.149574993145051,1.8638607074307652,14,2.4352892788593365,1.7210035645736224,4.0,4.0,0.0
524036,2024-10-23 19:00:00+00:00,LEAGUE_STAGE,BSC Young Boys,FC Internazionale Milano,0,1,0,Switzerland,Italy,1328.2202339531393,1784.534844486778,-456.31461053363864,8,1.1495749931450507,2.149574993145051,10,1.8638607074307652,1.4352892788593365,1.0,4.0,-3.0
524058,2024-11-05 17:45:00+00:00,LEAGUE_STAGE,ŠK Slovan Bratislava,GNK Dinamo Zagreb,1,4,0,Slovakia,Croatia,1327.5800329747203,1362.4339316123524,-34.85389863763203,3,1.0078374920025592,2.674504158669226,3,1.8411708253358927,2.674504158669226,1.0,1.0,0.0
524023,2024-11-05 17:45:00+00:00,LEAGUE_STAGE,PSV,Girona FC,4,0,2,Netherlands,Spain,1478.2757550132292,1489.6032803105643,-11.327525297335114,11,1.1495749931450507,1.7210035645736224,3,1.5078374920025592,1.5078374920025592,3.0,4.0,-1.0
524051,2024-11-05 20:00:00+00:00,LEAGUE_STAGE,Bologna FC 1909,AS Monaco FC,0,1,0,Italy,Monaco,1482.3385367555447,1381.0442140269001,101.2943227286446,3,0.8411708253358925,1.5078374920025592,3,2.3411708253358925,1.5078374920025592,4.0,1.0,3.0
523965,2024-11-05 20:00:00+00:00,LEAGUE_STAGE,Real Madrid CF,AC Milan,1,3,0,Spain,Italy,1884.918532162119,1517.7431804320051,367.1753517301138,16,2.149574993145051,1.2924321360021938,9,1.5781464217164793,1.5781464217164793,4.0,4.0,0.0
524004,2024-11-05 20:00:00+00:00,LEAGUE_STAGE,Celtic FC,RB Leipzig,3,1,2,Scotland,Germany,1403.2833145818947,1512.9793948525344,-109.69608027063964,9,1.8638607074307652,2.006717850287908,11,1.2924321360021938,1.7210035645736224,2.0,4.0,-2.0
524032,2024-11-05 20:00:00+00:00,LEAGUE_STAGE,Sporting Clube de Portugal,Manchester City FC,4,1,2,Portugal,England,1475.6691044188183,1855.8939966037565,-380.2248921849382,3,1.674504158669226,1.0078374920025592,13,2.5781464217164793,1.4352892788593365,3.0,4.0,-1.0
523945,2024-11-05 20:00:00+00:00,LEAGUE_STAGE,Liverpool FC,Bayer 04 Leverkusen,4,0,2,England,Germany,1814.051516048469,1709.8082324980444,104.24328355042462,3,1.8411708253358927,1.0078374920025592,3,1.8411708253358927,1.0078374920025592,4.0,4.0,0.0
523939,2024-11-05 20:00:00+00:00,LEAGUE_STAGE,Borussia Dortmund,SK Sturm Graz,1,0,2,Germany,Austria,1762.0587662655091,1321.7523012848683,440.30646498064084,16,2.4352892788593365,1.8638607074307652,3,1.0078374920025592,1.674504158669226,4.0,1.0,3.0
524017,2024-11-05 20:00:00+00:00,LEAGUE_STAGE,Lille OSC,Juventus FC,1,1,1,France,Italy,1481.950139608252,1741.6002632510397,-259.6501236427878,3,1.5078374920025592,1.3411708253358927,3,1.8411708253358927,1.5078374920025592,3.0,4.0,-1.0
524002,2024-11-06 17:45:00+00:00,LEAGUE_STAGE,FK Shakhtar Donetsk,BSC Young Boys,2,1,2,Ukraine,Switzerland,1356.4485031320535,1326.1637682845712,30.28473484748224,9,1.1495749931450507,2.006717850287908,9,0.863860707430765,2.2924321360021938,1.0,1.0,0.0
523991,2024-11-06 17:45:00+00:00,LEAGUE_STAGE,Club Brugge KV,Aston Villa FC,1,0,2,Belgium,England,1397.9199580917532,1539.1917221072954,-141.2717640155422,3,1.1745041586692258,1.8411708253358927,3,1.8411708253358927,0.8411708253358925,2.0,4.0,-2.0
524063,2024-11-06 20:00:00+00:00,LEAGUE_STAGE,AC Sparta Praha,Stade Brestois 29,1,2,0,Czech Republic,France,1367.0978102001661,1477.1912249152883,-110.09341471512221,3,1.5078374920025592,1.8411708253358927,3,2.0078374920025595,1.1745041586692258,1.0,3.0,-2.0
523949,2024-11-06 20:00:00+00:00,LEAGUE_STAGE,FC Internazionale Milano,Arsenal FC,1,0,2,Italy,England,1786.591310155346,1742.6467961692124,43.94451398613364,11,1.8638607074307652,1.4352892788593365,13,1.1495749931450507,0.863860707430765,4.0,4.0,0.0
524073,2024-11-06 20:00:00+00:00,LEAGUE_STAGE,VfB Stuttgart,Atalanta BC,0,2,0,Germany,Italy,1510.3503475214686,1513.6972519564474,-3.3469044349787964,3,1.3411708253358927,1.5078374920025592,3,1.3411708253358927,0.8411708253358925,4.0,4.0,0.0
524028,2024-11-06 20:00:00+00:00,LEAGUE_STAGE,FK Crvena Zvezda,FC Barcelona,2,5,0,Serbia,Spain,1298.1183975397487,1726.7277958246534,-428.6093982849047,9,1.2924321360021938,2.721003564573622,13,2.2924321360021938,1.7210035645736224,1.0,4.0,-3.0
524014,2024-11-06 20:00:00+00:00,LEAGUE_STAGE,Feyenoord Rotterdam,FC Red Bull Salzburg,1,3,0,Netherlands,Austria,1467.8539413108183,1299.8923179348353,167.96162337598298,9,1.7210035645736224,2.006717850287908,9,0.863860707430765,2.4352892788593365,3.0,1.0,2.0
523957,2024-11-06 20:00:00+00:00,LEAGUE_STAGE,Paris Saint-Germain FC,Club Atlético de Madrid,1,2,0,France,Spain,1743.039843487796,1702.460462159469,40.57938132832692,15,1.006717850287908,1.2924321360021938,13,1.4352892788593365,2.4352892788593365,3.0,4.0,-1.0
523933,2024-11-06 20:15:00+00:00,LEAGUE_STAGE,FC Bayern München,Sport Lisboa e Benfica,1,0,2,Germany,Portugal,1801.3676280740876,1455.7565437365863,345.6110843375013,15,2.2924321360021938,2.006717850287908,9,2.149574993145051,1.4352892788593365,4.0,3.0,1.0
524061,2024-11-26 17:45:00+00:00,LEAGUE_STAGE,AC Sparta Praha,Club Atlético de Madrid,0,6,0,Czech Republic,Spain,1357.9618087232648,1715.7980771798243,-357.83626845655954,4,1.4352892788593365,1.8638607074307652,14,1.4352892788593365,2.006717850287908,1.0,4.0,-3.0
524057,2024-11-26 17:45:00+00:00,LEAGUE_STAGE,ŠK Slovan Bratislava,AC Milan,2,3,0,Slovakia,Italy,1308.021464188078,1544.0243357975062,-236.0028716094282,4,1.006717850287908,2.863860707430765,10,1.7210035645736224,1.5781464217164793,1.0,4.0,-3.0
523954,2024-11-26 20:00:00+00:00,LEAGUE_STAGE,Manchester City FC,Feyenoord Rotterdam,3,3,1,England,Netherlands,1826.4773197969478,1445.0428731556945,381.4344466412533,14,2.149574993145051,1.2924321360021938,10,1.7210035645736224,2.149574993145051,4.0,3.0,1.0
523982,2024-11-26 20:00:00+00:00,LEAGUE_STAGE,Bayer 04 Leverkusen,FC Red Bull Salzburg,5,0,2,Germany,Austria,1699.5203605636282,1322.7033860899592,376.816974473669,4,1.5781464217164793,1.4352892788593365,10,1.1495749931450507,2.149574993145051,4.0,1.0,3.0
524033,2024-11-26 20:00:00+00:00,LEAGUE_STAGE,Sporting Clube de Portugal,Arsenal FC,1,5,0,Portugal,England,1505.085781225627,1736.0701980119122,-230.98441678628524,4,2.006717850287908,1.006717850287908,14,1.1495749931450507,0.863860707430765,3.0,4.0,-1.0
524037,2024-11-26 20:00:00+00:00,LEAGUE_STAGE,BSC Young Boys,Atalanta BC,1,6,0,Switzerland,Italy,1319.2355355329187,1530.9098433346226,-211.6743078017039,10,0.863860707430765,2.2924321360021938,4,1.4352892788593365,0.7210035645736221,1.0,4.0,-3.0
523932,2024-11-26 20:00:00+00:00,LEAGUE_STAGE,FC Bayern München,Paris Saint-Germain FC,1,0,2,Germany,France,1802.9563780766891,1729.7022284674406,73.25414960924854,16,2.2924321360021938,1.7210035645736224,16,1.1495749931450507,1.4352892788593365,4.0,3.0,1.0
523943,2024-11-26 20:00:00+00:00,LEAGUE_STAGE,FC Barcelona,Stade Brestois 29,3,0,2,Spain,France,1730.8325935230855,1486.3272263921897,244.50536713089582,14,2.863860707430765,1.4352892788593365,4,2.006717850287908,1.1495749931450507,4.0,3.0,1.0
523948,2024-11-26 20:00:00+00:00,LEAGUE_STAGE,FC Internazionale Milano,RB Leipzig,1,0,2,Italy,Germany,1793.1679083126462,1497.6314348823673,295.5364734302789,12,1.5781464217164793,0.7210035645736221,12,1.2924321360021938,2.006717850287908,4.0,4.0,0.0
524071,2024-11-27 17:45:00+00:00,LEAGUE_STAGE,SK Sturm Graz,Girona FC,1,0,2,Austria,Spain,1320.7993691620545,1473.5056982180388,-152.70632905598427,4,0.863860707430765,1.5781464217164793,4,1.2924321360021938,1.8638607074307652,1.0,4.0,-3.0
524031,2024-11-27 17:45:00+00:00,LEAGUE_STAGE,FK Crvena Zvezda,VfB Stuttgart,5,1,2,Serbia,Germany,1294.0135998413166,1493.1377561432935,-199.12415630197688,10,1.2924321360021938,3.006717850287908,4,1.1495749931450507,1.5781464217164793,1.0,4.0,-3.0
524021,2024-11-27 20:00:00+00:00,LEAGUE_STAGE,PSV,FK Shakhtar Donetsk,3,2,2,Netherlands,Ukraine,1494.3733371057547,1363.376735883706,130.99660122204864,12,1.7210035645736224,1.4352892788593365,10,1.006717850287908,1.4352892788593365,3.0,1.0,2.0
524008,2024-11-27 20:00:00+00:00,LEAGUE_STAGE,GNK Dinamo Zagreb,Borussia Dortmund,0,3,0,Croatia,Germany,1381.9925003989947,1763.0116983883229,-381.0191979893282,4,2.149574993145051,2.4352892788593365,17,2.5781464217164793,1.5781464217164793,1.0,4.0,-3.0
524045,2024-11-27 20:00:00+00:00,LEAGUE_STAGE,Aston Villa FC,Juventus FC,0,0,1,England,Italy,1527.4462369228038,1736.8458728163123,-209.3996358935085,4,1.5781464217164793,0.863860707430765,4,1.7210035645736224,1.4352892788593365,4.0,4.0,0.0
523944,2024-11-27 20:00:00+00:00,LEAGUE_STAGE,Liverpool FC,Real Madrid CF,2,0,2,England,Spain,1824.3393879828852,1858.637376796618,-34.29798881373267,4,2.149574993145051,0.863860707430765,17,2.006717850287908,1.7210035645736224,4.0,4.0,0.0
524050,2024-11-27 20:00:00+00:00,LEAGUE_STAGE,Bologna FC 1909,Lille OSC,1,2,0,Italy,France,1467.5476021547588,1486.7045300429793,-19.15692788822048,4,0.7210035645736221,1.4352892788593365,4,1.4352892788593365,1.2924321360021938,4.0,3.0,1.0
524041,2024-11-27 20:00:00+00:00,LEAGUE_STAGE,AS Monaco FC,Sport Lisboa e Benfica,2,3,0,Monaco,Portugal,1395.835148627686,1454.1677937339848,-58.33264510629874,4,2.149574993145051,1.2924321360021938,10,1.7210035645736224,1.4352892788593365,1.0,3.0,-2.0
524005,2024-11-27 20:00:00+00:00,LEAGUE_STAGE,Celtic FC,Club Brugge KV,1,1,1,Scotland,Belgium,1418.6312745520618,1409.6654432762448,8.965831275816981,10,2.006717850287908,2.006717850287908,4,1.1495749931450507,1.5781464217164793,2.0,2.0,0.0
524052,2024-12-10 17:45:00+00:00,LEAGUE_STAGE,Girona FC,Liverpool FC,0,1,0,Spain,England,1461.4430633544073,1836.631909169699,-375.18884581529164,5,1.2924321360021938,1.8638607074307652,5,2.006717850287908,0.7210035645736221,4.0,4.0,0.0
524010,2024-12-10 17:45:00+00:00,LEAGUE_STAGE,GNK Dinamo Zagreb,Celtic FC,0,0,1,Croatia,Scotland,1376.788413813383,1416.1251683515702,-39.33675453818728,5,1.8638607074307652,1.5781464217164793,11,1.4352892788593365,2.006717850287908,1.0,2.0,-1.0
524024,2024-12-10 20:00:00+00:00,LEAGUE_STAGE,FC Red Bull Salzburg,Paris Saint-Germain FC,0,3,0,Austria,France,1319.695677432095,1723.8477940765395,-404.1521166444445,11,1.1495749931450507,2.4352892788593365,17,1.006717850287908,1.5781464217164793,1.0,3.0,-2.0
524000,2024-12-10 20:00:00+00:00,LEAGUE_STAGE,FK Shakhtar Donetsk,FC Bayern München,1,5,0,Ukraine,Germany,1358.7989520340097,1808.8108124675903,-450.0118604335805,11,1.2924321360021938,1.8638607074307652,17,1.1495749931450507,1.4352892788593365,1.0,4.0,-3.0
524066,2024-12-10 20:00:00+00:00,LEAGUE_STAGE,Stade Brestois 29,PSV,1,0,2,France,Netherlands,1481.6931952922957,1498.951120955451,-17.25792566315522,5,1.7210035645736224,1.4352892788593365,13,2.006717850287908,1.2924321360021938,3.0,3.0,0.0
523972,2024-12-10 20:00:00+00:00,LEAGUE_STAGE,Atalanta BC,Real Madrid CF,2,3,0,Italy,Spain,1545.1797749742175,1846.3448556098042,-301.1650806355867,5,2.2924321360021938,0.863860707430765,18,1.5781464217164793,1.8638607074307652,4.0,4.0,0.0
523963,2024-12-10 20:00:00+00:00,LEAGUE_STAGE,RB Leipzig,Aston Villa FC,2,3,0,Germany,England,1495.5666900993783,1531.0074962760816,-35.44080617670329,13,1.1495749931450507,1.8638607074307652,5,1.1495749931450507,0.863860707430765,4.0,4.0,0.0
523980,2024-12-10 20:00:00+00:00,LEAGUE_STAGE,Bayer 04 Leverkusen,FC Internazionale Milano,1,0,2,Germany,Italy,1702.5280692214924,1795.2326530956352,-92.70458387414283,5,1.7210035645736224,1.4352892788593365,13,1.7210035645736224,0.7210035645736221,4.0,4.0,0.0
523990,2024-12-10 20:00:00+00:00,LEAGUE_STAGE,Club Brugge KV,Sporting Clube de Portugal,2,1,2,Belgium,Portugal,1412.1715494767363,1493.2684180587746,-81.09686858203827,5,1.2924321360021938,1.2924321360021938,5,1.8638607074307652,1.7210035645736224,2.0,3.0,-1.0
523979,2024-12-11 17:45:00+00:00,LEAGUE_STAGE,Club Atlético de Madrid,ŠK Slovan Bratislava,3,1,2,Spain,Slovakia,1724.0318852851096,1302.232332431986,421.7995528531237,15,2.006717850287908,1.8638607074307652,5,1.1495749931450507,2.5781464217164793,4.0,1.0,3.0
524019,2024-12-11 17:45:00+00:00,LEAGUE_STAGE,Lille OSC,SK Sturm Graz,3,2,2,France,Austria,1498.4380498385324,1332.862004025686,165.57604581284636,5,1.7210035645736224,1.1495749931450507,5,0.863860707430765,1.2924321360021938,3.0,1.0,2.0
523936,2024-12-11 20:00:00+00:00,LEAGUE_STAGE,Borussia Dortmund,FC Barcelona,2,3,0,Germany,Spain,1768.2157849739347,1735.4666246229795,32.74916035095521,18,2.5781464217164793,1.5781464217164793,15,3.149574993145051,1.1495749931450507,4.0,4.0,0.0
523970,2024-12-11 20:00:00+00:00,LEAGUE_STAGE,AC Milan,FK Crvena Zvezda,2,1,2,Italy,Serbia,1549.8134675535982,1320.614288273769,229.1991792798292,11,2.006717850287908,1.4352892788593365,11,1.8638607074307652,2.863860707430765,4.0,1.0,3.0
523987,2024-12-11 20:00:00+00:00,LEAGUE_STAGE,Sport Lisboa e Benfica,Bologna FC 1909,0,0,1,Portugal,Italy,1464.7906231066204,1455.8140823592057,8.976540747414674,11,1.8638607074307652,1.5781464217164793,5,0.863860707430765,1.7210035645736224,3.0,4.0,-1.0
523995,2024-12-11 20:00:00+00:00,LEAGUE_STAGE,Arsenal FC,AS Monaco FC,3,0,2,England,Monaco,1747.8875611787646,1385.2123192550505,362.6752419237141,15,1.8638607074307652,1.006717850287908,5,2.149574993145051,1.5781464217164793,4.0,1.0,3.0
523996,2024-12-11 20:00:00+00:00,LEAGUE_STAGE,Juventus FC,Manchester City FC,2,0,2,Italy,England,1733.2846134630345,1817.7894408268967,-84.5048273638622,5,1.2924321360021938,1.2924321360021938,15,2.5781464217164793,1.7210035645736224,4.0,4.0,0.0
524015,2024-12-11 20:00:00+00:00,LEAGUE_STAGE,Feyenoord Rotterdam,AC Sparta Praha,4,2,2,Netherlands,Czech Republic,1453.7307521257455,1349.7280006179794,104.0027515077661,11,2.149574993145051,2.006717850287908,5,1.006717850287908,2.721003564573622,3.0,1.0,2.0
524074,2024-12-11 20:00:00+00:00,LEAGUE_STAGE,VfB Stuttgart,BSC Young Boys,5,1,2,Germany,Switzerland,1466.537067710841,1304.9656038933238,161.57146381751727,5,1.1495749931450507,1.8638607074307652,11,1.006717850287908,2.721003564573622,4.0,1.0,3.0
524043,2025-01-21 17:45:00+00:00,LEAGUE_STAGE,AS Monaco FC,Aston Villa FC,1,0,2,Monaco,England,1382.699301458958,1542.2830271071139,-159.5837256481559,6,1.8638607074307652,1.7210035645736224,6,1.4352892788593365,1.1495749931450507,1.0,4.0,-3.0
523975,2025-01-21 17:45:00+00:00,LEAGUE_STAGE,Atalanta BC,SK Sturm Graz,5,0,2,Italy,Austria,1540.8053316284786,1328.9488221220824,211.85650950639615,6,2.149574993145051,1.2924321360021938,6,1.1495749931450507,1.5781464217164793,4.0,1.0,3.0
523946,2025-01-21 20:00:00+00:00,LEAGUE_STAGE,Liverpool FC,Lille OSC,2,1,2,England,France,1839.723190817736,1502.351231742136,337.3719590756,6,1.8638607074307652,0.7210035645736221,6,2.006717850287908,1.4352892788593365,4.0,3.0,1.0
523989,2025-01-21 20:00:00+00:00,LEAGUE_STAGE,Club Brugge KV,Juventus FC,0,0,1,Belgium,Italy,1422.2031197874248,1747.6101048290734,-325.40698504164857,6,1.4352892788593365,1.4352892788593365,6,1.1495749931450507,1.006717850287908,2.0,4.0,-2.0
523977,2025-01-21 20:00:00+00:00,LEAGUE_STAGE,Club Atlético de Madrid,Bayer 04 Leverkusen,2,1,2,Spain,Germany,1725.5230453497177,1712.8935736455544,12.62947170416328,16,2.4352892788593365,1.4352892788593365,6,1.7210035645736224,1.4352892788593365,4.0,4.0,0.0
524059,2025-01-21 20:00:00+00:00,LEAGUE_STAGE,ŠK Slovan Bratislava,VfB Stuttgart,1,3,0,Slovakia,Germany,1300.7411723673779,1474.5095655414086,-173.76839317403073,6,1.2924321360021938,2.4352892788593365,6,1.7210035645736224,1.8638607074307652,1.0,4.0,-3.0
524048,2025-01-21 20:00:00+00:00,LEAGUE_STAGE,Bologna FC 1909,Borussia Dortmund,2,1,2,Italy,Germany,1458.3204774414007,1755.0799195503894,-296.75944210898865,6,0.863860707430765,1.4352892788593365,19,1.8638607074307652,1.8638607074307652,4.0,4.0,0.0
523984,2025-01-21 20:00:00+00:00,LEAGUE_STAGE,Sport Lisboa e Benfica,FC Barcelona,4,5,0,Portugal,Spain,1462.2842280244254,1748.6024900465247,-286.31826202209936,12,1.2924321360021938,1.5781464217164793,16,2.863860707430765,1.4352892788593365,3.0,4.0,-1.0
524030,2025-01-21 20:00:00+00:00,LEAGUE_STAGE,FK Crvena Zvezda,PSV,2,3,0,Serbia,Netherlands,1317.7279626996635,1490.7376052044656,-173.00964250480206,12,2.006717850287908,2.5781464217164793,14,1.8638607074307652,1.2924321360021938,1.0,3.0,-2.0
523962,2025-01-22 17:45:00+00:00,LEAGUE_STAGE,RB Leipzig,Sporting Clube de Portugal,2,1,2,Germany,Portugal,1484.291159268346,1483.2368477480861,1.0543115202599438,14,1.1495749931450507,1.8638607074307652,6,1.8638607074307652,1.8638607074307652,4.0,3.0,1.0
524003,2025-01-22 17:45:00+00:00,LEAGUE_STAGE,FK Shakhtar Donetsk,Stade Brestois 29,2,0,2,Ukraine,France,1354.5501985161536,1489.9067110432811,-135.3565125271275,12,1.4352892788593365,2.149574993145051,6,1.2924321360021938,1.4352892788593365,1.0,3.0,-2.0
524012,2025-01-22 20:00:00+00:00,LEAGUE_STAGE,Feyenoord Rotterdam,FC Bayern München,3,0,2,Netherlands,Germany,1461.0128605677294,1813.0595659854464,-352.046705417717,12,2.2924321360021938,2.006717850287908,18,1.8638607074307652,1.4352892788593365,3.0,4.0,-1.0
524006,2025-01-22 20:00:00+00:00,LEAGUE_STAGE,Celtic FC,BSC Young Boys,1,0,2,Scotland,Switzerland,1417.2902358111517,1296.9931060627562,120.29712974839549,12,1.2924321360021938,1.006717850287908,12,1.1495749931450507,2.721003564573622,2.0,1.0,1.0
524060,2025-01-22 20:00:00+00:00,LEAGUE_STAGE,AC Sparta Praha,FC Internazionale Milano,0,1,0,Czech Republic,Italy,1342.4458921759956,1784.8671486715732,-442.4212564955776,6,1.1495749931450507,3.149574993145051,14,1.1495749931450507,0.863860707430765,1.0,4.0,-3.0
523956,2025-01-22 20:00:00+00:00,LEAGUE_STAGE,Paris Saint-Germain FC,Manchester City FC,4,2,2,France,England,1728.489993868867,1803.4639494608577,-74.97395559199072,18,1.4352892788593365,1.2924321360021938,16,2.006717850287908,2.006717850287908,3.0,4.0,-1.0
523966,2025-01-22 20:00:00+00:00,LEAGUE_STAGE,Real Madrid CF,FC Red Bull Salzburg,5,1,2,Spain,Austria,1850.719298955543,1315.0534776397674,535.6658213157757,19,2.006717850287908,2.006717850287908,12,1.1495749931450507,2.2924321360021938,4.0,1.0,3.0
523971,2025-01-22 20:00:00+00:00,LEAGUE_STAGE,AC Milan,Girona FC,1,0,2,Italy,Spain,1552.6997931277037,1458.3517817063703,94.34801142133347,12,2.2924321360021938,1.4352892788593365,6,1.006717850287908,1.5781464217164793,4.0,4.0,0.0
523994,2025-01-22 20:00:00+00:00,LEAGUE_STAGE,Arsenal FC,GNK Dinamo Zagreb,3,0,2,England,Croatia,1750.4005789748571,1375.6233463538015,374.77723262105565,16,2.006717850287908,1.006717850287908,6,1.5781464217164793,1.2924321360021938,4.0,1.0,3.0
524009,2025-01-29 20:00:00+00:00,LEAGUE_STAGE,GNK Dinamo Zagreb,AC Milan,2,1,2,Croatia,Italy,1373.2679396471808,1558.0643680243354,-184.7964283771546,7,1.2924321360021938,1.7210035645736224,13,2.006717850287908,1.2924321360021938,1.0,4.0,-3.0
523997,2025-01-29 20:00:00+00:00,LEAGUE_STAGE,Juventus FC,Sport Lisboa e Benfica,0,2,0,Italy,Portugal,1741.526350793274,1457.6106860704217,283.9156647228524,7,1.1495749931450507,0.863860707430765,13,1.7210035645736224,1.8638607074307652,4.0,3.0,1.0
524018,2025-01-29 20:00:00+00:00,LEAGUE_STAGE,Lille OSC,Feyenoord Rotterdam,6,1,2,France,Netherlands,1500.6917176667898,1489.6684789054862,11.023238761303674,7,1.7210035645736224,1.5781464217164793,13,2.2924321360021938,1.8638607074307652,3.0,3.0,0.0
523983,2025-01-29 20:00:00+00:00,LEAGUE_STAGE,Bayer 04 Leverkusen,AC Sparta Praha,2,0,2,Germany,Czech Republic,1705.4982410424986,1340.2371115987253,365.26112944377337,7,1.7210035645736224,1.5781464217164793,7,1.1495749931450507,2.5781464217164793,4.0,1.0,3.0
524025,2025-01-29 20:00:00+00:00,LEAGUE_STAGE,FC Red Bull Salzburg,Club Atlético de Madrid,1,4,0,Austria,Spain,1313.9301045316777,1732.9183779527734,-418.98827342109576,13,1.2924321360021938,2.721003564573622,17,2.5781464217164793,1.1495749931450507,1.0,4.0,-3.0
524035,2025-01-29 20:00:00+00:00,LEAGUE_STAGE,Sporting Clube de Portugal,Bologna FC 1909,1,1,1,Portugal,Italy,1475.5283561481256,1473.8587412729134,1.669614875212119,7,1.7210035645736224,2.149574993145051,7,1.1495749931450507,1.2924321360021938,3.0,4.0,-1.0
524020,2025-01-29 20:00:00+00:00,LEAGUE_STAGE,PSV,Liverpool FC,3,2,2,Netherlands,England,1498.1227408730701,1841.382704893082,-343.2599640200119,15,2.149574993145051,1.4352892788593365,7,2.006717850287908,0.863860707430765,3.0,4.0,-1.0
523953,2025-01-29 20:00:00+00:00,LEAGUE_STAGE,Manchester City FC,Club Brugge KV,3,1,2,England,Belgium,1789.526381379557,1428.2868738232241,361.2395075563329,17,1.5781464217164793,2.5781464217164793,7,1.2924321360021938,1.006717850287908,4.0,2.0,2.0
524038,2025-01-29 20:00:00+00:00,LEAGUE_STAGE,BSC Young Boys,FK Crvena Zvezda,0,1,0,Switzerland,Serbia,1292.194285919636,1310.342827031059,-18.1485411114229,13,1.1495749931450507,2.721003564573622,13,2.149574993145051,2.2924321360021938,1.0,1.0,0.0
523941,2025-01-29 20:00:00+00:00,LEAGUE_STAGE,FC Barcelona,Atalanta BC,2,2,1,Spain,Italy,1753.2760320005284,1547.8304926393673,205.44553936116108,17,3.006717850287908,1.8638607074307652,7,2.863860707430765,1.2924321360021938,4.0,4.0,0.0
523951,2025-01-29 20:00:00+00:00,LEAGUE_STAGE,FC Internazionale Milano,AS Monaco FC,3,0,2,Italy,Monaco,1787.0759292488435,1394.9506668874399,392.12526236140366,15,1.1495749931450507,0.863860707430765,7,1.2924321360021938,1.5781464217164793,4.0,1.0,3.0
523935,2025-01-29 20:00:00+00:00,LEAGUE_STAGE,FC Bayern München,ŠK Slovan Bratislava,3,1,2,Germany,Slovakia,1784.4039476476896,1290.3257695932289,494.07817805446075,19,1.7210035645736224,1.2924321360021938,7,1.4352892788593365,2.5781464217164793,4.0,1.0,3.0
523937,2025-01-29 20:00:00+00:00,LEAGUE_STAGE,Borussia Dortmund,FK Shakhtar Donetsk,3,1,2,Germany,Ukraine,1739.5416557188767,1370.9267092300527,368.614946488824,20,1.7210035645736224,1.4352892788593365,13,1.7210035645736224,2.006717850287908,4.0,1.0,3.0
524068,2025-01-29 20:00:00+00:00,LEAGUE_STAGE,SK Sturm Graz,RB Leipzig,1,0,2,Austria,Germany,1321.9236611111937,1491.9996508683066,-170.0759897571129,7,1.1495749931450507,2.006717850287908,15,1.4352892788593365,1.8638607074307652,1.0,4.0,-3.0
524053,2025-01-29 20:00:00+00:00,LEAGUE_STAGE,Girona FC,Arsenal FC,1,2,0,Spain,England,1452.9872068097386,1752.7559856814778,-299.7687788717392,7,0.7210035645736221,1.7210035645736224,17,2.2924321360021938,1.006717850287908,4.0,4.0,0.0
524072,2025-01-29 20:00:00+00:00,LEAGUE_STAGE,VfB Stuttgart,Paris Saint-Germain FC,1,4,0,Germany,France,1484.9249683155576,1742.4275619501677,-257.5025936346101,7,2.006717850287908,2.006717850287908,19,1.8638607074307652,1.4352892788593365,4.0,3.0,1.0
524064,2025-01-29 20:00:00+00:00,LEAGUE_STAGE,Stade Brestois 29,Real Madrid CF,0,3,0,France,Spain,1473.530200329382,1851.8426720636328,-378.3124717342507,7,1.1495749931450507,1.5781464217164793,20,2.006717850287908,1.8638607074307652,3.0,4.0,-1.0
524046,2025-01-29 20:00:00+00:00,LEAGUE_STAGE,Aston Villa FC,Celtic FC,4,2,2,England,Scotland,1530.031661678632,1422.0890559542718,107.94260572436019,7,1.1495749931450507,1.2924321360021938,13,1.4352892788593365,1.006717850287908,4.0,2.0,2.0
524076,2025-02-11 17:45:00+00:00,PLAYOFFS,Stade Brestois 29,Paris Saint-Germain FC,0,3,0,France,France,1468.2568332607805,1751.5963269868228,-283.3394937260423,8,0.863860707430765,1.8638607074307652,20,2.2924321360021938,1.2924321360021938,3.0,3.0,0.0
524082,2025-02-11 20:00:00+00:00,PLAYOFFS,Sporting Clube de Portugal,Borussia Dortmund,0,3,0,Portugal,Germany,1473.2200746647068,1741.529402192747,-268.3093275280403,8,1.2924321360021938,2.149574993145051,21,2.006717850287908,1.5781464217164793,3.0,4.0,-1.0
524077,2025-02-11 20:00:00+00:00,PLAYOFFS,Manchester City FC,Real Madrid CF,2,3,0,England,Spain,1791.5940354623885,1857.1160391322344,-65.52200366984584,18,1.8638607074307652,2.149574993145051,21,2.2924321360021938,1.4352892788593365,4.0,4.0,0.0
524081,2025-02-11 20:00:00+00:00,PLAYOFFS,Juventus FC,PSV,2,1,2,Italy,Netherlands,1716.3419431088269,1514.5200794162756,201.82186369255123,8,1.006717850287908,1.006717850287908,16,2.006717850287908,1.7210035645736224,4.0,3.0,1.0
524080,2025-02-12 17:45:00+00:00,PLAYOFFS,Club Brugge KV,Atalanta BC,2,1,2,Belgium,Italy,1426.2192197403926,1554.5897726451283,-128.37055290473563,8,1.2924321360021938,1.4352892788593365,8,2.863860707430765,1.5781464217164793,2.0,4.0,-2.0
524078,2025-02-12 20:00:00+00:00,PLAYOFFS,AS Monaco FC,Sport Lisboa e Benfica,0,1,0,Monaco,Portugal,1392.8052513917933,1482.795093754869,-89.9898423630757,8,1.1495749931450507,2.006717850287908,14,2.006717850287908,1.7210035645736224,1.0,3.0,-2.0
524083,2025-02-12 20:00:00+00:00,PLAYOFFS,Feyenoord Rotterdam,AC Milan,1,0,2,Netherlands,Italy,1473.0355344394627,1545.1363471881448,-72.10081274868207,14,2.2924321360021938,2.2924321360021938,14,1.7210035645736224,1.4352892788593365,3.0,4.0,-1.0
524079,2025-02-12 20:00:00+00:00,PLAYOFFS,Celtic FC,FC Bayern München,1,2,0,Scotland,Germany,1414.9289057486444,1785.405541260559,-370.47663551191454,14,1.2924321360021938,1.4352892788593365,20,2.006717850287908,1.4352892788593365,2.0,4.0,-2.0
524091,2025-02-18 17:45:00+00:00,PLAYOFFS,AC Milan,Feyenoord Rotterdam,1,1,1,Italy,Netherlands,1535.3636649069233,1482.8082167206842,52.55544818623912,15,1.2924321360021938,1.2924321360021938,15,2.006717850287908,1.8638607074307652,4.0,3.0,1.0
524086,2025-02-18 20:00:00+00:00,PLAYOFFS,Sport Lisboa e Benfica,AS Monaco FC,3,3,1,Portugal,Monaco,1492.5076421900228,1383.0927029566394,109.4149392333834,15,1.7210035645736224,1.4352892788593365,9,0.863860707430765,1.7210035645736224,3.0,1.0,2.0
524087,2025-02-18 20:00:00+00:00,PLAYOFFS,FC Bayern München,Celtic FC,1,1,1,Germany,Scotland,1788.5683814292993,1411.766065579904,376.8023158493952,21,2.149574993145051,1.5781464217164793,15,1.2924321360021938,1.5781464217164793,4.0,2.0,2.0
524088,2025-02-18 20:00:00+00:00,PLAYOFFS,Atalanta BC,Club Brugge KV,1,3,0,Italy,Belgium,1543.2064819789905,1437.6025104065304,105.60397157246007,9,2.149574993145051,1.7210035645736224,9,1.4352892788593365,1.4352892788593365,4.0,2.0,2.0
524090,2025-02-19 17:45:00+00:00,PLAYOFFS,Borussia Dortmund,Sporting Clube de Portugal,0,0,1,Germany,Portugal,1750.2849407278025,1464.4645361296514,285.8204045981511,22,2.006717850287908,1.5781464217164793,9,1.1495749931450507,1.8638607074307652,4.0,3.0,1.0
524085,2025-02-19 20:00:00+00:00,PLAYOFFS,Real Madrid CF,Manchester City FC,3,1,2,Spain,England,1867.5325083290465,1781.1775662655764,86.35494206347016,22,2.721003564573622,1.4352892788593365,19,1.7210035645736224,2.149574993145051,4.0,4.0,0.0
524089,2025-02-19 20:00:00+00:00,PLAYOFFS,PSV,Juventus FC,3,1,2,Netherlands,Italy,1511.2223129815359,1719.6397095435666,-208.41739656203072,17,1.7210035645736224,1.7210035645736224,9,1.2924321360021938,1.1495749931450507,3.0,4.0,-1.0
524084,2025-02-19 20:00:00+00:00,PLAYOFFS,Paris Saint-Germain FC,Stade Brestois 29,7,0,2,France,France,1759.797992450989,1460.0551677966141,299.742824654375,21,2.721003564573622,1.1495749931450507,9,0.863860707430765,1.8638607074307652,3.0,3.0,0.0
524093,2025-03-04 17:45:00+00:00,LAST_16,Club Brugge KV,Aston Villa FC,1,3,0,Belgium,England,1458.6544022447144,1537.1918118842593,-78.53740963954488,10,1.5781464217164793,1.4352892788593365,8,1.7210035645736224,1.4352892788593365,2.0,4.0,-2.0
524098,2025-03-04 20:00:00+00:00,LAST_16,Borussia Dortmund,Lille OSC,1,1,1,Germany,France,1742.4555670970626,1517.3246621328133,225.13090496424934,23,1.7210035645736224,1.1495749931450507,8,2.4352892788593365,1.5781464217164793,4.0,3.0,1.0
524095,2025-03-04 20:00:00+00:00,LAST_16,PSV,Arsenal FC,1,7,0,Netherlands,England,1530.3658840576709,1757.1579614178318,-226.79207736016087,18,2.149574993145051,1.7210035645736224,18,2.5781464217164793,1.006717850287908,3.0,4.0,-1.0
524094,2025-03-04 20:00:00+00:00,LAST_16,Real Madrid CF,Club Atlético de Madrid,2,1,2,Spain,Spain,1875.3773138858792,1737.2278479852691,138.14946590061004,23,2.721003564573622,1.2924321360021938,18,2.863860707430765,1.1495749931450507,4.0,4.0,0.0
524096,2025-03-05 17:45:00+00:00,LAST_16,Feyenoord Rotterdam,FC Internazionale Milano,0,2,0,Netherlands,Italy,1486.4485299827084,1789.2213447444901,-302.7728147617818,16,1.5781464217164793,1.7210035645736224,16,1.4352892788593365,0.863860707430765,3.0,4.0,-1.0
524092,2025-03-05 20:00:00+00:00,LAST_16,Paris Saint-Germain FC,Liverpool FC,0,1,0,France,England,1765.1433091109743,1824.9853663498766,-59.84205723890227,22,3.2924321360021938,1.1495749931450507,8,1.7210035645736224,1.2924321360021938,3.0,4.0,-1.0
524097,2025-03-05 20:00:00+00:00,LAST_16,FC Bayern München,Bayer 04 Leverkusen,3,0,2,Germany,Germany,1779.913575503819,1707.5219635992632,72.3916119045557,22,1.5781464217164793,1.5781464217164793,8,2.006717850287908,1.006717850287908,4.0,4.0,0.0
524099,2025-03-05 20:00:00+00:00,LAST_16,Sport Lisboa e Benfica,FC Barcelona,0,1,0,Portugal,Spain,1487.5386519265503,1746.5167519947674,-258.97810006821715,16,2.149574993145051,1.8638607074307652,18,2.5781464217164793,1.8638607074307652,3.0,4.0,-1.0
524107,2025-03-11 17:45:00+00:00,LAST_16,FC Barcelona,Sport Lisboa e Benfica,3,1,2,Spain,Portugal,1751.7773455153406,1482.2780584059772,269.4992871093634,19,2.2924321360021938,1.8638607074307652,17,1.5781464217164793,1.2924321360021938,4.0,3.0,1.0
524100,2025-03-11 20:00:00+00:00,LAST_16,Liverpool FC,Paris Saint-Germain FC,1,5,0,England,France,1835.5649084364027,1754.5637670244482,81.00114141195445,9,1.5781464217164793,1.2924321360021938,23,2.721003564573622,1.006717850287908,4.0,3.0,1.0
524104,2025-03-11 20:00:00+00:00,LAST_16,FC Internazionale Milano,Feyenoord Rotterdam,2,1,2,Italy,Netherlands,1795.3631268360564,1480.306747891142,315.0563789449143,17,1.5781464217164793,0.863860707430765,17,1.1495749931450507,2.006717850287908,4.0,3.0,1.0
524105,2025-03-11 20:00:00+00:00,LAST_16,Bayer 04 Leverkusen,FC Bayern München,0,2,0,Germany,Germany,1697.346139359795,1790.0893997432872,-92.74326038349227,9,1.2924321360021938,1.4352892788593365,23,2.006717850287908,1.1495749931450507,4.0,4.0,0.0
524106,2025-03-12 17:45:00+00:00,LAST_16,Lille OSC,Borussia Dortmund,1,2,0,France,Germany,1524.3800139156826,1735.4002153141932,-211.0202013985106,9,2.2924321360021938,1.5781464217164793,24,1.7210035645736224,1.006717850287908,3.0,4.0,-1.0
524103,2025-03-12 20:00:00+00:00,LAST_16,Arsenal FC,PSV,2,2,1,England,Netherlands,1771.878518636441,1515.6453268390617,256.2331917973793,19,2.863860707430765,1.006717850287908,19,1.8638607074307652,2.4352892788593365,4.0,3.0,1.0
524101,2025-03-12 20:00:00+00:00,LAST_16,Aston Villa FC,Club Brugge KV,3,0,2,England,Belgium,1551.3934809292016,1444.4527331997722,106.9407477294294,9,2.149574993145051,1.5781464217164793,11,1.7210035645736224,1.8638607074307652,4.0,2.0,2.0
524102,2025-03-12 20:00:00+00:00,LAST_16,Club Atlético de Madrid,Real Madrid CF,3,4,0,Spain,Spain,1732.7937870172443,1879.811374853904,-147.0175878366597,19,2.149574993145051,1.4352892788593365,24,2.2924321360021938,1.2924321360021938,4.0,4.0,0.0
524108,2025-04-08 19:00:00+00:00,QUARTER_FINALS,Arsenal FC,Real Madrid CF,3,0,2,England,Spain,1764.4013493695022,1887.9060262150617,-123.50467684555952,20,2.721003564573622,1.2924321360021938,25,2.4352892788593365,1.7210035645736224,4.0,4.0,0.0
524111,2025-04-08 19:00:00+00:00,QUARTER_FINALS,FC Bayern München,FC Internazionale Milano,1,2,0,Germany,Italy,1803.713061861248,1797.2288970954844,6.48416476576358,24,1.8638607074307652,1.006717850287908,18,1.8638607074307652,0.863860707430765,4.0,4.0,0.0
524109,2025-04-09 19:00:00+00:00,QUARTER_FINALS,Paris Saint-Germain FC,Aston Villa FC,3,1,2,France,England,1783.2207681831696,1560.2006633333408,223.02010484982884,24,2.863860707430765,1.006717850287908,10,2.149574993145051,1.2924321360021938,3.0,4.0,-1.0
524110,2025-04-09 19:00:00+00:00,QUARTER_FINALS,FC Barcelona,Borussia Dortmund,4,0,2,Spain,Germany,1755.1137940582414,1741.7982957812553,13.31549827698609,20,2.2924321360021938,1.7210035645736224,25,1.5781464217164793,1.006717850287908,4.0,4.0,0.0
524113,2025-04-15 19:00:00+00:00,QUARTER_FINALS,Aston Villa FC,Paris Saint-Germain FC,3,2,2,England,France,1555.9929665591771,1787.4284649573333,-231.43549839815614,11,2.2924321360021938,1.5781464217164793,25,2.863860707430765,1.1495749931450507,4.0,3.0,1.0
524114,2025-04-15 19:00:00+00:00,QUARTER_FINALS,Borussia Dortmund,FC Barcelona,3,1,2,Germany,Spain,1727.0444232931031,1769.8676665463936,-42.82324325329046,26,1.1495749931450507,1.5781464217164793,21,2.149574993145051,1.1495749931450507,4.0,4.0,0.0
524112,2025-04-16 19:00:00+00:00,QUARTER_FINALS,Real Madrid CF,Arsenal FC,1,2,0,Spain,England,1868.4279687300657,1783.8794068544983,84.54856187556743,26,2.006717850287908,1.8638607074307652,21,2.721003564573622,1.2924321360021938,4.0,4.0,0.0
524115,2025-04-16 19:00:00+00:00,QUARTER_FINALS,FC Internazionale Milano,FC Bayern München,2,2,1,Italy,Germany,1809.6679423800524,1791.27401657668,18.39392580337244,19,2.006717850287908,1.006717850287908,25,1.7210035645736224,1.1495749931450507,4.0,4.0,0.0
524116,2025-04-29 19:00:00+00:00,SEMI_FINALS,Arsenal FC,Paris Saint-Germain FC,0,1,0,England,France,1798.2905125286295,1773.3263423518747,24.964170176754806,22,2.721003564573622,1.2924321360021938,26,2.149574993145051,1.5781464217164793,4.0,3.0,1.0
524117,2025-04-30 19:00:00+00:00,SEMI_FINALS,FC Barcelona,FC Internazionale Milano,3,3,1,Spain,Italy,1757.2330370928182,1806.9092963197995,-49.6762592269813,22,2.006717850287908,1.2924321360021938,20,1.8638607074307652,1.2924321360021938,4.0,4.0,0.0
524119,2025-05-06 19:00:00+00:00,SEMI_FINALS,FC Internazionale Milano,FC Barcelona,4,3,2,Italy,Spain,1807.7798742945088,1756.362459118109,51.4174151763998,21,2.006717850287908,1.7210035645736224,23,2.2924321360021938,1.7210035645736224,4.0,4.0,0.0
524118,2025-05-07 19:00:00+00:00,SEMI_FINALS,Paris Saint-Germain FC,Arsenal FC,2,1,2,France,England,1786.2587766419408,1785.3580782385634,0.9006984033774188,27,2.2924321360021938,1.4352892788593365,23,1.7210035645736224,1.2924321360021938,3.0,4.0,-1.0
524120,2025-05-31 19:00:00+00:00,FINAL,Paris Saint-Germain FC,FC Internazionale Milano,5,0,2,France,Italy,1793.9714578419255,1814.1680093923446,-20.196551550419144,28,1.8638607074307652,1.4352892788593365,22,2.2924321360021938,2.006717850287908,3.0,4.0,-1.0
551981,2025-09-16 16:45:00+00:00,LEAGUE_STAGE,Athletic Club,Arsenal FC,0,2,0,Spain,England,1500.0,1777.6453970385787,-277.6453970385787,0,1.682341650671785,1.682341650671785,24,1.5781464217164793,1.2924321360021938,4.0,4.0,0.0
552049,2025-09-16 16:45:00+00:00,LEAGUE_STAGE,PSV,Royale Union Saint-Gilloise,1,3,0,Netherlands,Belgium,1523.1224961060004,1400.0,123.12249610600043,20,1.7210035645736224,2.4352892788593365,0,1.682341650671785,1.682341650671785,3.0,2.0,1.0
551941,2025-09-16 19:00:00+00:00,LEAGUE_STAGE,Juventus FC,Borussia Dortmund,4,4,1,Italy,Germany,1700.4961384674316,1739.6790527466785,-39.182914279246916,10,1.1495749931450507,1.5781464217164793,27,1.5781464217164793,1.7210035645736224,4.0,4.0,0.0
551991,2025-09-16 19:00:00+00:00,LEAGUE_STAGE,Sport Lisboa e Benfica,Qarabağ Ağdam FK,2,3,0,Portugal,Azerbaijan,1478.9416098630763,1350.0,128.94160986307634,18,1.4352892788593365,1.7210035645736224,0,1.682341650671785,1.682341650671785,3.0,1.0,2.0
551927,2025-09-16 19:00:00+00:00,LEAGUE_STAGE,Real Madrid CF,Olympique de Marseille,2,1,2,Spain,France,1854.0168630559344,1450.0,404.01686305593444,27,1.7210035645736224,2.006717850287908,0,1.682341650671785,1.682341650671785,4.0,3.0,1.0
552012,2025-09-16 19:00:00+00:00,LEAGUE_STAGE,Tottenham Hotspur FC,Villarreal CF,1,0,2,England,Spain,1500.0,1500.0,0.0,0,1.682341650671785,1.682341650671785,0,1.682341650671785,1.682341650671785,4.0,4.0,0.0
552023,2025-09-17 16:45:00+00:00,LEAGUE_STAGE,SK Slavia Praha,FK Bodø/Glimt,2,2,1,Czech Republic,Norway,1350.0,1350.0,0.0,0,1.682341650671785,1.682341650671785,0,1.682341650671785,1.682341650671785,1.0,1.0,0.0
552031,2025-09-17 16:45:00+00:00,LEAGUE_STAGE,PAE Olympiakos SFP,Paphos FC,0,0,1,Greece,Cyprus,1350.0,1350.0,0.0,0,1.682341650671785,1.682341650671785,0,1.682341650671785,1.682341650671785,1.0,1.0,0.0
551946,2025-09-17 19:00:00+00:00,LEAGUE_STAGE,Liverpool FC,Club Atlético de Madrid,3,2,2,England,Spain,1806.9079072776813,1724.6991356560866,82.20877162159468,10,1.5781464217164793,2.006717850287908,20,2.149574993145051,1.8638607074307652,4.0,4.0,0.0
551959,2025-09-17 19:00:00+00:00,LEAGUE_STAGE,Paris Saint-Germain FC,Atalanta BC,4,0,2,France,Italy,1812.520801671849,1522.1545901408065,290.3662115310426,29,2.149574993145051,1.2924321360021938,10,2.006717850287908,1.7210035645736224,3.0,4.0,-1.0
551908,2025-09-17 19:00:00+00:00,LEAGUE_STAGE,FC Bayern München,Chelsea FC,3,1,2,Germany,England,1794.0326626369329,1500.0,294.03266263693286,26,1.8638607074307652,1.2924321360021938,0,1.682341650671785,1.682341650671785,4.0,4.0,0.0
551936,2025-09-17 19:00:00+00:00,LEAGUE_STAGE,AFC Ajax,FC Internazionale Milano,0,2,0,Netherlands,Italy,1450.0,1795.618665562421,-345.61866556242103,0,1.682341650671785,1.682341650671785,23,2.006717850287908,2.5781464217164793,3.0,4.0,-1.0
551975,2025-09-18 16:45:00+00:00,LEAGUE_STAGE,FC København,Bayer 04 Leverkusen,2,2,1,Denmark,Germany,1373.6836498423725,1683.7224772418342,-310.03882739946175,8,1.1495749931450507,1.5781464217164793,10,1.1495749931450507,1.7210035645736224,1.0,4.0,-3.0
551995,2025-09-18 16:45:00+00:00,LEAGUE_STAGE,Club Brugge KV,AS Monaco FC,4,1,2,Belgium,Monaco,1435.645550795633,1388.061693220112,47.58385757552105,12,1.5781464217164793,1.8638607074307652,10,1.2924321360021938,1.7210035645736224,2.0,1.0,1.0
551958,2025-09-18 19:00:00+00:00,LEAGUE_STAGE,Newcastle United FC,FC Barcelona,1,2,0,England,Spain,1513.2872324575449,1749.9743240202731,-236.68709156272826,6,1.006717850287908,1.5781464217164793,24,2.2924321360021938,2.149574993145051,4.0,4.0,0.0
551965,2025-09-18 19:00:00+00:00,LEAGUE_STAGE,Manchester City FC,SSC Napoli,2,0,2,England,Italy,1773.3327607087438,1520.3609794867232,252.97178122202058,20,1.8638607074307652,2.2924321360021938,8,1.5781464217164793,1.8638607074307652,4.0,4.0,0.0
552000,2025-09-18 19:00:00+00:00,LEAGUE_STAGE,Eintracht Frankfurt,Galatasaray SK,5,1,2,Germany,Turkey,1500.0,1398.0686372468354,101.93136275316465,0,1.682341650671785,1.682341650671785,6,1.4352892788593365,2.006717850287908,4.0,2.0,2.0
552027,2025-09-18 19:00:00+00:00,LEAGUE_STAGE,Sporting Clube de Portugal,FK Kairat,4,1,2,Portugal,Kazakhstan,1472.2939097603912,1350.0,122.29390976039122,10,1.006717850287908,1.5781464217164793,0,1.682341650671785,1.682341650671785,3.0,1.0,2.0
551982,2025-09-30 16:45:00+00:00,LEAGUE_STAGE,Atalanta BC,Club Brugge KV,2,1,2,Italy,Belgium,1517.913576487514,1446.8769639727732,71.03661251474091,11,1.2924321360021938,2.2924321360021938,13,1.8638607074307652,1.8638607074307652,4.0,2.0,2.0
551930,2025-09-30 16:45:00+00:00,LEAGUE_STAGE,FK Kairat,Real Madrid CF,0,5,0,Kazakhstan,Spain,1341.7605978156037,1855.1783251378038,-513.4177273222001,1,1.5117562380038387,2.261756238003839,28,1.7210035645736224,2.006717850287908,1.0,4.0,-3.0
551935,2025-09-30 19:00:00+00:00,LEAGUE_STAGE,FC Internazionale Milano,SK Slavia Praha,3,0,2,Italy,Czech Republic,1800.6571277372536,1347.737263596937,452.9198641403166,24,2.006717850287908,2.2924321360021938,1,1.7617562380038387,1.7617562380038387,4.0,1.0,3.0
551915,2025-09-30 19:00:00+00:00,LEAGUE_STAGE,Paphos FC,FC Bayern München,1,5,0,Cyprus,Germany,1352.262736403063,1796.9753984126703,-444.71266200960736,1,1.2617562380038387,1.2617562380038387,27,1.8638607074307652,1.4352892788593365,1.0,4.0,-3.0
551951,2025-09-30 19:00:00+00:00,LEAGUE_STAGE,Galatasaray SK,Liverpool FC,1,0,2,Turkey,England,1387.6787354827882,1812.5512031566022,-424.87246767381407,7,1.4352892788593365,2.2924321360021938,11,1.7210035645736224,2.149574993145051,2.0,4.0,-2.0
551917,2025-09-30 19:00:00+00:00,LEAGUE_STAGE,Chelsea FC,Sport Lisboa e Benfica,1,0,2,England,Portugal,1497.0572642242626,1463.5612853904695,33.49597883379306,1,1.5117562380038387,2.011756238003839,19,1.5781464217164793,2.149574993145051,4.0,3.0,1.0
551997,2025-09-30 19:00:00+00:00,LEAGUE_STAGE,Club Atlético de Madrid,Eintracht Frankfurt,5,1,2,Spain,Germany,1719.0558397771656,1510.3899017640472,208.66593801311842,21,2.149574993145051,2.149574993145051,1,2.511756238003839,1.5117562380038387,4.0,4.0,0.0
552020,2025-09-30 19:00:00+00:00,LEAGUE_STAGE,FK Bodø/Glimt,Tottenham Hotspur FC,2,2,1,Norway,England,1352.262736403063,1507.737263596937,-155.4745271938741,1,1.7617562380038387,1.7617562380038387,1,1.5117562380038387,1.2617562380038387,1.0,4.0,-3.0
552015,2025-09-30 19:00:00+00:00,LEAGUE_STAGE,Olympique de Marseille,AFC Ajax,4,0,2,France,Netherlands,1448.8385379181307,1444.9615378251674,3.8770000929632715,1,1.5117562380038387,1.7617562380038387,1,1.2617562380038387,1.7617562380038387,3.0,3.0,0.0
552039,2025-10-01 16:45:00+00:00,LEAGUE_STAGE,Qarabağ Ağdam FK,FC København,2,0,2,Azerbaijan,Denmark,1365.3803244726068,1379.4812753944825,-14.100950921875665,1,2.011756238003839,1.7617562380038387,9,1.4352892788593365,1.8638607074307652,1.0,1.0,0.0
552044,2025-10-01 16:45:00+00:00,LEAGUE_STAGE,Royale Union Saint-Gilloise,Newcastle United FC,0,4,0,Belgium,England,1421.5812528335377,1507.5142887659752,-85.9330359324374,1,2.011756238003839,1.5117562380038387,7,1.1495749931450507,1.7210035645736224,2.0,4.0,-2.0
552002,2025-10-01 19:00:00+00:00,LEAGUE_STAGE,Villarreal CF,Juventus FC,2,2,1,Spain,Italy,1492.262736403063,1699.326703458096,-207.06396705503312,1,1.2617562380038387,1.5117562380038387,11,1.7210035645736224,2.149574993145051,4.0,4.0,0.0
551952,2025-10-01 19:00:00+00:00,LEAGUE_STAGE,FC Barcelona,Paris Saint-Germain FC,1,2,0,Spain,France,1755.7472677118428,1816.7618153251415,-61.014547613298646,25,2.006717850287908,2.2924321360021938,30,2.4352892788593365,0.863860707430765,4.0,3.0,1.0
551944,2025-10-01 19:00:00+00:00,LEAGUE_STAGE,Borussia Dortmund,Athletic Club,4,1,2,Germany,Spain,1740.848487756014,1493.1343935933062,247.71409416270785,28,2.006717850287908,2.149574993145051,1,1.2617562380038387,1.7617562380038387,4.0,4.0,0.0
552026,2025-10-01 19:00:00+00:00,LEAGUE_STAGE,SSC Napoli,Sporting Clube de Portugal,2,1,2,Italy,Portugal,1516.7342124275594,1480.5333119447876,36.200900482771885,9,1.2924321360021938,1.5781464217164793,11,1.4352892788593365,1.4352892788593365,4.0,3.0,1.0
551968,2025-10-01 19:00:00+00:00,LEAGUE_STAGE,AS Monaco FC,Manchester City FC,2,2,1,Monaco,England,1376.8302800429717,1776.9595277679075,-400.1292477249358,11,1.2924321360021938,2.2924321360021938,21,1.8638607074307652,1.7210035645736224,1.0,4.0,-3.0
551978,2025-10-01 19:00:00+00:00,LEAGUE_STAGE,Arsenal FC,PAE Olympiakos SFP,2,0,2,England,Greece,1784.5110034452725,1347.737263596937,436.7737398483355,25,1.4352892788593365,1.2924321360021938,1,1.2617562380038387,1.2617562380038387,4.0,1.0,3.0
551972,2025-10-01 19:00:00+00:00,LEAGUE_STAGE,Bayer 04 Leverkusen,PSV,1,1,1,Germany,Netherlands,1677.9248516897242,1501.5412432724627,176.38360841726148,11,1.2924321360021938,1.7210035645736224,21,1.7210035645736224,2.5781464217164793,4.0,3.0,1.0
551955,2025-10-21 16:45:00+00:00,LEAGUE_STAGE,FC Barcelona,PAE Olympiakos SFP,6,1,2,Spain,Greece,1745.2013657169223,1346.3632726481678,398.83809306875446,26,2.006717850287908,2.149574993145051,2,1.009404990403071,1.409404990403071,4.0,1.0,3.0
552045,2025-10-21 16:45:00+00:00,LEAGUE_STAGE,FK Kairat,Paphos FC,0,0,1,Kazakhstan,Cyprus,1338.352259926878,1347.896743663845,-9.544483736966868,2,1.209404990403071,2.8094049904030713,2,1.209404990403071,2.009404990403071,1.0,1.0,0.0
551945,2025-10-21 19:00:00+00:00,LEAGUE_STAGE,FC København,Borussia Dortmund,2,4,0,Denmark,Germany,1367.9898063751407,1745.408874583736,-377.41906820859526,10,1.2924321360021938,2.149574993145051,29,2.2924321360021938,2.149574993145051,1.0,4.0,-3.0
551976,2025-10-21 19:00:00+00:00,LEAGUE_STAGE,Arsenal FC,Club Atlético de Madrid,4,0,2,England,Spain,1785.8849943940418,1725.4372250918213,60.44776930222042,26,1.4352892788593365,1.1495749931450507,22,2.2924321360021938,2.149574993145051,4.0,4.0,0.0
551960,2025-10-21 19:00:00+00:00,LEAGUE_STAGE,Bayer 04 Leverkusen,Paris Saint-Germain FC,2,7,0,Germany,France,1671.6459146787436,1827.307717320062,-155.66180264131845,12,1.1495749931450507,1.8638607074307652,31,2.5781464217164793,1.006717850287908,4.0,3.0,1.0
551992,2025-10-21 19:00:00+00:00,LEAGUE_STAGE,Newcastle United FC,Sport Lisboa e Benfica,3,0,2,England,Portugal,1527.172788958119,1456.7165191330118,70.45626982510726,8,1.7210035645736224,1.4352892788593365,20,1.1495749931450507,1.8638607074307652,4.0,3.0,1.0
551938,2025-10-21 19:00:00+00:00,LEAGUE_STAGE,Royale Union Saint-Gilloise,FC Internazionale Milano,0,4,0,Belgium,Italy,1401.9227526413938,1802.1971987075478,-400.27444606615404,2,1.6094049904030712,2.009404990403071,25,2.006717850287908,1.8638607074307652,2.0,4.0,-2.0
552048,2025-10-21 19:00:00+00:00,LEAGUE_STAGE,PSV,SSC Napoli,6,2,2,Netherlands,Italy,1507.8201802834433,1523.509048720916,-15.68886843747282,22,1.4352892788593365,2.5781464217164793,10,1.2924321360021938,1.7210035645736224,3.0,4.0,-1.0
551964,2025-10-21 19:00:00+00:00,LEAGUE_STAGE,Villarreal CF,Manchester City FC,0,2,0,Spain,England,1495.765155798762,1769.6939088012539,-273.92875300249193,2,1.409404990403071,1.6094049904030712,22,1.7210035645736224,1.8638607074307652,4.0,4.0,0.0
552040,2025-10-22 16:45:00+00:00,LEAGUE_STAGE,Athletic Club,Qarabağ Ağdam FK,3,1,2,Spain,Azerbaijan,1488.5740067655843,1376.8717934919487,111.7022132736356,2,1.209404990403071,2.2094049904030713,2,2.009404990403071,1.409404990403071,4.0,1.0,3.0
552025,2025-10-22 16:45:00+00:00,LEAGUE_STAGE,Galatasaray SK,FK Bodø/Glimt,3,1,2,Turkey,Norway,1405.2635200116983,1354.4015298932702,50.86199011842814,8,1.4352892788593365,2.006717850287908,2,1.8094049904030711,1.8094049904030711,2.0,1.0,1.0
551919,2025-10-22 19:00:00+00:00,LEAGUE_STAGE,Chelsea FC,AFC Ajax,5,1,2,England,Netherlands,1503.9020304817202,1429.6982199703948,74.2038105113254,2,1.409404990403071,1.6094049904030712,2,1.009404990403071,2.2094049904030713,4.0,3.0,1.0
551947,2025-10-22 19:00:00+00:00,LEAGUE_STAGE,Eintracht Frankfurt,Liverpool FC,1,5,0,Germany,England,1504.0085164493914,1794.966418627692,-290.9579021783006,2,2.2094049904030713,2.2094049904030713,12,1.4352892788593365,1.8638607074307652,4.0,4.0,0.0
551984,2025-10-22 19:00:00+00:00,LEAGUE_STAGE,Atalanta BC,SK Slavia Praha,0,0,1,Italy,Czech Republic,1523.8210073046039,1346.1971926266428,177.62381467796104,12,1.2924321360021938,2.149574993145051,2,1.409404990403071,2.009404990403071,4.0,1.0,3.0
551925,2025-10-22 19:00:00+00:00,LEAGUE_STAGE,Real Madrid CF,Juventus FC,1,0,2,Spain,Italy,1858.5866630265293,1695.824284062397,162.76237896413227,29,1.8638607074307652,1.5781464217164793,12,2.006717850287908,2.149574993145051,4.0,4.0,0.0
552022,2025-10-22 19:00:00+00:00,LEAGUE_STAGE,AS Monaco FC,Tottenham Hotspur FC,0,0,1,Monaco,England,1384.0958990096253,1505.5984701067298,-121.50257109710446,12,1.5781464217164793,2.149574993145051,2,1.6094049904030712,1.409404990403071,1.0,4.0,-3.0
552016,2025-10-22 19:00:00+00:00,LEAGUE_STAGE,Sporting Clube de Portugal,Olympique de Marseille,2,1,2,Portugal,France,1473.758475651431,1464.1018557729033,9.656619878527636,12,1.4352892788593365,1.5781464217164793,2,2.009404990403071,1.409404990403071,3.0,3.0,0.0
551910,2025-10-22 19:00:00+00:00,LEAGUE_STAGE,FC Bayern München,Club Brugge KV,4,0,2,Germany,Belgium,1801.3413911518883,1440.9695331556834,360.3718579962049,28,2.2924321360021938,1.5781464217164793,14,1.5781464217164793,2.006717850287908,4.0,2.0,2.0
551979,2025-11-04 17:45:00+00:00,LEAGUE_STAGE,SK Slavia Praha,Arsenal FC,0,3,0,Czech Republic,England,1352.4977040282163,1798.2135540740753,-445.71585004585904,3,1.1745041586692258,1.674504158669226,27,2.006717850287908,1.006717850287908,1.0,4.0,-3.0
551999,2025-11-04 17:45:00+00:00,LEAGUE_STAGE,SSC Napoli,Eintracht Frankfurt,0,0,1,Italy,Germany,1507.169385674622,1494.8513759111493,12.318009763472674,11,1.4352892788593365,2.4352892788593365,3,2.0078374920025595,2.674504158669226,4.0,4.0,0.0
552009,2025-11-04 20:00:00+00:00,LEAGUE_STAGE,Club Atlético de Madrid,Royale Union Saint-Gilloise,3,1,2,Spain,Belgium,1713.1086654117878,1396.4579353898998,316.65073002188797,23,2.149574993145051,2.4352892788593365,3,1.3411708253358927,2.3411708253358925,4.0,2.0,2.0
552029,2025-11-04 20:00:00+00:00,LEAGUE_STAGE,PAE Olympiakos SFP,PSV,1,1,1,Greece,Netherlands,1343.6922692196401,1524.1598433297374,-180.4675741100973,3,1.0078374920025592,2.174504158669226,23,2.149574993145051,1.8638607074307652,1.0,3.0,-2.0
552024,2025-11-04 20:00:00+00:00,LEAGUE_STAGE,FK Bodø/Glimt,AS Monaco FC,0,1,0,Norway,Monaco,1345.3476724185557,1385.284789538694,-39.93711712013828,3,1.674504158669226,2.0078374920025595,13,1.5781464217164793,2.006717850287908,1.0,1.0,0.0
551924,2025-11-04 20:00:00+00:00,LEAGUE_STAGE,Liverpool FC,Real Madrid CF,1,0,2,England,Spain,1804.1235591659342,1862.5510761975693,-58.427517031635034,13,2.006717850287908,2.006717850287908,30,2.006717850287908,1.1495749931450507,4.0,4.0,0.0
551909,2025-11-04 20:00:00+00:00,LEAGUE_STAGE,Paris Saint-Germain FC,FC Bayern München,1,2,0,France,Germany,1844.874409240597,1804.2790615622844,40.59534767831269,32,3.2924321360021938,1.1495749931450507,29,2.721003564573622,1.2924321360021938,3.0,4.0,-1.0
552021,2025-11-04 20:00:00+00:00,LEAGUE_STAGE,Tottenham Hotspur FC,FC København,4,0,2,England,Denmark,1504.4095795776611,1363.665314005456,140.74426557220522,3,1.3411708253358927,1.1745041586692258,11,1.4352892788593365,2.2924321360021938,4.0,1.0,3.0
552003,2025-11-04 20:00:00+00:00,LEAGUE_STAGE,Juventus FC,Sporting Clube de Portugal,1,1,1,Italy,Portugal,1691.859870891357,1481.2337449949987,210.62612589635842,13,1.7210035645736224,2.149574993145051,13,1.7210035645736224,1.2924321360021938,4.0,3.0,1.0
552014,2025-11-05 17:45:00+00:00,LEAGUE_STAGE,Paphos FC,Villarreal CF,1,0,2,Cyprus,Spain,1349.8972689967732,1488.7877052317317,-138.89043623495854,3,1.0078374920025592,1.674504158669226,3,1.1745041586692258,1.674504158669226,1.0,4.0,-3.0
551922,2025-11-05 17:45:00+00:00,LEAGUE_STAGE,Qarabağ Ağdam FK,Chelsea FC,2,2,1,Azerbaijan,England,1369.826755964979,1515.5656786339466,-145.7389226689677,3,1.8411708253358927,1.674504158669226,3,2.0078374920025595,1.5078374920025592,1.0,4.0,-3.0
552033,2025-11-05 20:00:00+00:00,LEAGUE_STAGE,AFC Ajax,Galatasaray SK,0,3,0,Netherlands,Turkey,1418.0345718181684,1414.3173774864129,3.717194331755536,3,1.0078374920025592,2.674504158669226,9,1.4352892788593365,1.7210035645736224,3.0,2.0,1.0
552047,2025-11-05 20:00:00+00:00,LEAGUE_STAGE,Newcastle United FC,Athletic Club,2,0,2,England,Spain,1537.4288614513757,1495.619044292554,41.809817158821716,9,2.006717850287908,1.2924321360021938,3,1.5078374920025592,2.0078374920025595,4.0,4.0,0.0
551985,2025-11-05 20:00:00+00:00,LEAGUE_STAGE,Olympique de Marseille,Atalanta BC,0,1,0,France,Italy,1456.6265864293355,1517.5204959030305,-60.893909473694976,3,1.8411708253358927,1.5078374920025592,13,1.1495749931450507,1.8638607074307652,3.0,4.0,-1.0
551954,2025-11-05 20:00:00+00:00,LEAGUE_STAGE,Club Brugge KV,FC Barcelona,3,3,1,Belgium,Spain,1438.0318627452873,1747.87236914545,-309.84050640016267,15,1.4352892788593365,2.149574993145051,27,2.4352892788593365,1.8638607074307652,2.0,4.0,-2.0
551939,2025-11-05 20:00:00+00:00,LEAGUE_STAGE,Manchester City FC,Borussia Dortmund,4,1,2,England,Germany,1776.6713593682841,1749.7333669534207,26.937992414863402,23,1.7210035645736224,1.4352892788593365,30,2.863860707430765,1.8638607074307652,4.0,4.0,0.0
551937,2025-11-05 20:00:00+00:00,LEAGUE_STAGE,FC Internazionale Milano,FK Kairat,2,1,2,Italy,Kazakhstan,1807.6620159590418,1336.35173459395,471.3102813650919,26,2.006717850287908,1.4352892788593365,3,1.0078374920025592,2.3411708253358925,4.0,1.0,3.0
551971,2025-11-05 20:00:00+00:00,LEAGUE_STAGE,Sport Lisboa e Benfica,Bayer 04 Leverkusen,0,1,0,Portugal,Germany,1446.4604466397552,1654.0792227582085,-207.6187761184533,21,1.1495749931450507,2.149574993145051,13,1.4352892788593365,2.4352892788593365,3.0,4.0,-1.0
551990,2025-11-25 17:45:00+00:00,LEAGUE_STAGE,AFC Ajax,Sport Lisboa e Benfica,0,2,0,Netherlands,Portugal,1396.6194973435972,1439.9768680111729,-43.35737066757565,4,0.863860707430765,2.721003564573622,22,1.006717850287908,1.8638607074307652,3.0,3.0,0.0
552043,2025-11-25 17:45:00+00:00,LEAGUE_STAGE,Galatasaray SK,Royale Union Saint-Gilloise,0,1,0,Turkey,Belgium,1435.732451960984,1393.8412134272394,41.89123853374463,10,1.8638607074307652,1.5781464217164793,4,1.2924321360021938,2.4352892788593365,2.0,2.0,0.0
552035,2025-11-25 20:00:00+00:00,LEAGUE_STAGE,SK Slavia Praha,Athletic Club,0,0,1,Czech Republic,Spain,1348.7360511902211,1486.2414612414027,-137.50541005118157,4,1.006717850287908,1.8638607074307652,4,1.2924321360021938,2.006717850287908,1.0,4.0,-3.0
552017,2025-11-25 20:00:00+00:00,LEAGUE_STAGE,Olympique de Marseille,Newcastle United FC,2,1,2,France,England,1446.077222603001,1546.806444502527,-100.72922189952601,4,1.5781464217164793,1.4352892788593365,10,2.149574993145051,1.006717850287908,3.0,4.0,-1.0
552004,2025-11-25 20:00:00+00:00,LEAGUE_STAGE,FK Bodø/Glimt,Juventus FC,2,3,0,Norway,Italy,1334.1996536451647,1685.0204204178222,-350.8207667726574,4,1.4352892788593365,1.8638607074307652,14,1.7210035645736224,1.8638607074307652,1.0,4.0,-3.0
552037,2025-11-25 20:00:00+00:00,LEAGUE_STAGE,SSC Napoli,Qarabağ Ağdam FK,2,0,2,Italy,Azerbaijan,1504.5730766380268,1371.6966130114324,132.8764636265944,12,1.2924321360021938,2.006717850287908,4,1.8638607074307652,1.7210035645736224,4.0,1.0,3.0
551940,2025-11-25 20:00:00+00:00,LEAGUE_STAGE,Borussia Dortmund,Villarreal CF,4,0,2,Germany,Spain,1737.5817717744856,1477.1087504981322,260.4730212763534,31,2.5781464217164793,2.2924321360021938,4,1.006717850287908,1.5781464217164793,4.0,4.0,0.0
551916,2025-11-25 20:00:00+00:00,LEAGUE_STAGE,Chelsea FC,FC Barcelona,3,0,2,England,Spain,1513.6958215874931,1742.0785343391797,-228.38271275168654,4,2.006717850287908,1.5781464217164793,28,2.4352892788593365,1.7210035645736224,4.0,4.0,0.0
551963,2025-11-25 20:00:00+00:00,LEAGUE_STAGE,Manchester City FC,Bayer 04 Leverkusen,0,2,0,England,Germany,1788.8229545472193,1660.5628013867909,128.26015316042844,24,2.149574993145051,1.1495749931450507,14,1.5781464217164793,2.149574993145051,4.0,4.0,0.0
552042,2025-11-26 17:45:00+00:00,LEAGUE_STAGE,Paphos FC,AS Monaco FC,2,2,1,Cyprus,Monaco,1361.5762237303727,1396.432808312085,-34.85658458171224,4,1.006717850287908,1.4352892788593365,14,1.2924321360021938,1.5781464217164793,1.0,1.0,0.0
552046,2025-11-26 17:45:00+00:00,LEAGUE_STAGE,FC København,FK Kairat,3,2,2,Denmark,Kazakhstan,1354.8998581318388,1335.5483047906084,19.35155334123033,12,1.2924321360021938,2.4352892788593365,4,1.006717850287908,2.2924321360021938,1.0,1.0,0.0
551948,2025-11-26 20:00:00+00:00,LEAGUE_STAGE,Liverpool FC,PSV,1,4,0,England,Netherlands,1813.503449880429,1521.3461462266655,292.1573036537634,14,2.006717850287908,1.2924321360021938,24,2.006717850287908,1.7210035645736224,4.0,3.0,1.0
551961,2025-11-26 20:00:00+00:00,LEAGUE_STAGE,Paris Saint-Germain FC,Tottenham Hotspur FC,5,3,2,France,England,1831.5363858702162,1513.1750354512783,318.36135041893795,33,2.721003564573622,1.4352892788593365,4,1.7210035645736224,1.006717850287908,3.0,4.0,-1.0
551983,2025-11-26 20:00:00+00:00,LEAGUE_STAGE,Eintracht Frankfurt,Atalanta BC,0,3,0,Germany,Italy,1497.4476849477444,1528.069859729365,-30.622174781620515,4,1.7210035645736224,2.2924321360021938,14,1.1495749931450507,1.4352892788593365,4.0,4.0,0.0
551911,2025-11-26 20:00:00+00:00,LEAGUE_STAGE,Arsenal FC,FC Bayern München,3,1,2,England,Germany,1801.9752069120705,1817.6170849326652,-15.641878020594731,28,2.2924321360021938,0.7210035645736221,30,2.721003564573622,1.1495749931450507,4.0,4.0,0.0
551928,2025-11-26 20:00:00+00:00,LEAGUE_STAGE,PAE Olympiakos SFP,Real Madrid CF,3,4,0,Greece,Spain,1346.505966322712,1853.1711854830746,-506.66521916036254,4,1.006717850287908,2.006717850287908,31,1.8638607074307652,1.006717850287908,1.0,4.0,-3.0
551934,2025-11-26 20:00:00+00:00,LEAGUE_STAGE,Club Atlético de Madrid,FC Internazionale Milano,2,1,2,Spain,Italy,1715.7253873744482,1808.4654457623833,-92.74005838793505,24,2.149574993145051,2.006717850287908,27,2.2924321360021938,0.863860707430765,4.0,4.0,0.0
551994,2025-11-26 20:00:00+00:00,LEAGUE_STAGE,Sporting Clube de Portugal,Club Brugge KV,3,0,2,Portugal,Belgium,1488.0731954685336,1443.8256975515576,44.247497916976045,14,1.8638607074307652,1.4352892788593365,16,1.8638607074307652,2.149574993145051,3.0,2.0,1.0
552032,2025-12-09 15:30:00+00:00,LEAGUE_STAGE,FK Kairat,PAE Olympiakos SFP,0,1,0,Kazakhstan,Greece,1328.3323966151652,1344.9260685454376,-16.59367193027242,5,1.1495749931450507,2.149574993145051,5,1.4352892788593365,2.5781464217164793,1.0,1.0,0.0
551912,2025-12-09 17:45:00+00:00,LEAGUE_STAGE,FC Bayern München,Sporting Clube de Portugal,3,1,2,Germany,Portugal,1806.0650469917168,1499.4508673132116,306.61417967850525,31,2.4352892788593365,1.4352892788593365,15,1.7210035645736224,1.2924321360021938,4.0,3.0,1.0
552019,2025-12-09 20:00:00+00:00,LEAGUE_STAGE,Tottenham Hotspur FC,SK Slavia Praha,3,0,2,England,Czech Republic,1510.5816031779707,1350.3762396539303,160.20536352404042,5,2.006717850287908,1.7210035645736224,5,0.7210035645736221,1.5781464217164793,4.0,1.0,3.0
551931,2025-12-09 20:00:00+00:00,LEAGUE_STAGE,FC Internazionale Milano,Liverpool FC,0,1,0,Italy,England,1798.0989216675882,1782.5015433902972,15.597378277291,28,2.149574993145051,1.1495749931450507,15,1.7210035645736224,1.5781464217164793,4.0,4.0,0.0
551918,2025-12-09 20:00:00+00:00,LEAGUE_STAGE,Atalanta BC,Chelsea FC,2,1,2,Italy,England,1547.835531749796,1537.9943804736151,9.84115127618088,15,1.5781464217164793,0.863860707430765,5,2.2924321360021938,1.1495749931450507,4.0,4.0,0.0
552041,2025-12-09 20:00:00+00:00,LEAGUE_STAGE,AS Monaco FC,Galatasaray SK,1,0,2,Monaco,Turkey,1397.7248772490148,1422.3613271941003,-24.636449945085587,15,1.4352892788593365,1.2924321360021938,11,1.7210035645736224,1.006717850287908,1.0,2.0,-1.0
552018,2025-12-09 20:00:00+00:00,LEAGUE_STAGE,Royale Union Saint-Gilloise,Olympique de Marseille,2,3,0,Belgium,France,1407.212338194123,1456.6731506225974,-49.460812428474355,5,1.006717850287908,2.2924321360021938,5,1.7210035645736224,1.2924321360021938,2.0,3.0,-1.0
552008,2025-12-09 20:00:00+00:00,LEAGUE_STAGE,PSV,Club Atlético de Madrid,2,3,0,Netherlands,Spain,1552.3480527167972,1726.0919114692433,-173.74385875244616,25,2.4352892788593365,1.4352892788593365,25,2.149574993145051,1.7210035645736224,3.0,4.0,-1.0
551953,2025-12-09 20:00:00+00:00,LEAGUE_STAGE,FC Barcelona,Eintracht Frankfurt,2,1,2,Spain,Germany,1717.7799754530577,1477.6820129273133,240.09796252574438,29,2.149574993145051,2.006717850287908,5,1.006717850287908,2.5781464217164793,4.0,4.0,0.0
552034,2025-12-10 17:45:00+00:00,LEAGUE_STAGE,Qarabağ Ağdam FK,AFC Ajax,2,4,0,Azerbaijan,Netherlands,1365.2765122293154,1380.9913533150313,-15.714841085715989,5,1.4352892788593365,1.7210035645736224,5,0.863860707430765,2.721003564573622,1.0,3.0,-2.0
552013,2025-12-10 17:45:00+00:00,LEAGUE_STAGE,Villarreal CF,FC København,2,3,0,Spain,Denmark,1472.16972339033,1362.115766307282,110.05395708304809,5,1.006717850287908,2.006717850287908,13,1.4352892788593365,2.4352892788593365,4.0,1.0,3.0
551974,2025-12-10 20:00:00+00:00,LEAGUE_STAGE,Bayer 04 Leverkusen,Newcastle United FC,2,2,1,Germany,England,1682.2941354473046,1536.2105164829306,146.08361896437395,15,1.5781464217164793,1.8638607074307652,11,2.149574993145051,1.006717850287908,4.0,4.0,0.0
551977,2025-12-10 20:00:00+00:00,LEAGUE_STAGE,Club Brugge KV,Arsenal FC,0,3,0,Belgium,England,1432.4480257068797,1813.5272448530188,-381.07921914613917,17,1.2924321360021938,2.4352892788593365,29,2.4352892788593365,0.863860707430765,2.0,4.0,-2.0
551942,2025-12-10 20:00:00+00:00,LEAGUE_STAGE,Borussia Dortmund,FK Bodø/Glimt,2,2,1,Germany,Norway,1742.5207988822876,1330.723762743266,411.79703613902166,32,2.5781464217164793,1.7210035645736224,5,1.4352892788593365,2.006717850287908,4.0,1.0,3.0
551989,2025-12-10 20:00:00+00:00,LEAGUE_STAGE,Sport Lisboa e Benfica,SSC Napoli,2,0,2,Portugal,Italy,1455.6050120397388,1510.9931774201439,-55.3881653804051,23,1.006717850287908,1.4352892788593365,13,1.5781464217164793,1.7210035645736224,3.0,4.0,-1.0
551923,2025-12-10 20:00:00+00:00,LEAGUE_STAGE,Real Madrid CF,Manchester City FC,1,2,0,Spain,England,1854.751083260349,1767.0916204867056,87.65946277364355,32,2.149574993145051,1.2924321360021938,25,1.8638607074307652,1.4352892788593365,4.0,4.0,0.0
552005,2025-12-10 20:00:00+00:00,LEAGUE_STAGE,Juventus FC,Paphos FC,2,0,2,Italy,Cyprus,1688.496311319721,1360.284154793443,328.212156526278,15,1.5781464217164793,1.5781464217164793,5,1.2924321360021938,1.7210035645736224,4.0,1.0,3.0
551969,2025-12-10 20:00:00+00:00,LEAGUE_STAGE,Athletic Club,Paris Saint-Germain FC,0,0,1,Spain,France,1484.6012727776936,1834.1298181435238,-349.52854536583027,5,1.2924321360021938,1.7210035645736224,34,2.863860707430765,1.8638607074307652,4.0,3.0,1.0
551996,2026-01-20 15:30:00+00:00,LEAGUE_STAGE,FK Kairat,Club Brugge KV,1,4,0,Kazakhstan,Belgium,1316.5274101290772,1427.2454668771798,-110.71805674810253,6,1.1495749931450507,1.5781464217164793,18,1.1495749931450507,2.5781464217164793,1.0,2.0,-1.0
551966,2026-01-20 17:45:00+00:00,LEAGUE_STAGE,FK Bodø/Glimt,Manchester City FC,3,1,2,Norway,England,1339.610338593387,1781.5745571063576,-441.96421851297055,6,1.4352892788593365,2.006717850287908,26,1.8638607074307652,1.2924321360021938,1.0,4.0,-3.0
551943,2026-01-20 20:00:00+00:00,LEAGUE_STAGE,Tottenham Hotspur FC,Borussia Dortmund,2,0,2,England,Germany,1517.5295653260425,1733.6342230321666,-216.10465770612404,6,2.149574993145051,1.4352892788593365,33,2.2924321360021938,1.8638607074307652,4.0,4.0,0.0
551962,2026-01-20 20:00:00+00:00,LEAGUE_STAGE,Sporting Clube de Portugal,Paris Saint-Germain FC,2,1,2,Portugal,France,1496.6936829469516,1827.6271231500746,-330.9334402031229,16,1.7210035645736224,1.4352892788593365,35,2.5781464217164793,1.7210035645736224,3.0,3.0,0.0
551973,2026-01-20 20:00:00+00:00,LEAGUE_STAGE,PAE Olympiakos SFP,Bayer 04 Leverkusen,2,0,2,Greece,Germany,1356.7310550315256,1676.5725843078092,-319.8415292762836,6,1.5781464217164793,2.2924321360021938,16,1.7210035645736224,2.006717850287908,1.0,4.0,-3.0
552011,2026-01-20 20:00:00+00:00,LEAGUE_STAGE,Villarreal CF,AFC Ajax,1,2,0,Spain,Netherlands,1457.1868946230459,1397.7207162177879,59.466178405258006,6,1.006717850287908,2.149574993145051,6,1.4352892788593365,2.4352892788593365,4.0,3.0,1.0
552038,2026-01-20 20:00:00+00:00,LEAGUE_STAGE,FC København,SSC Napoli,1,1,1,Denmark,Italy,1377.0985950745662,1497.851177871404,-120.75258279683771,14,1.8638607074307652,2.4352892788593365,14,1.2924321360021938,1.8638607074307652,1.0,4.0,-3.0
551929,2026-01-20 20:00:00+00:00,LEAGUE_STAGE,Real Madrid CF,AS Monaco FC,6,1,2,Spain,Monaco,1840.268146640697,1406.1447379715862,434.12340866911086,33,1.5781464217164793,1.5781464217164793,16,1.2924321360021938,1.006717850287908,4.0,1.0,3.0
551933,2026-01-20 20:00:00+00:00,LEAGUE_STAGE,FC Internazionale Milano,Arsenal FC,1,3,0,Italy,England,1785.4148051196014,1818.7298036827187,-33.31499856311734,29,1.7210035645736224,1.2924321360021938,30,2.5781464217164793,0.863860707430765,4.0,4.0,0.0
552010,2026-01-21 17:45:00+00:00,LEAGUE_STAGE,Galatasaray SK,Club Atlético de Madrid,1,1,1,Turkey,Spain,1413.9414664715289,1733.4573705318085,-319.5159040602796,12,1.5781464217164793,1.1495749931450507,26,1.8638607074307652,1.8638607074307652,2.0,4.0,-2.0
552001,2026-01-21 17:45:00+00:00,LEAGUE_STAGE,Qarabağ Ağdam FK,Eintracht Frankfurt,3,2,2,Azerbaijan,Germany,1348.5471493265588,1474.9472067517584,-126.40005742519952,6,1.4352892788593365,2.2924321360021938,6,1.006717850287908,2.149574993145051,1.0,4.0,-3.0
552036,2026-01-21 20:00:00+00:00,LEAGUE_STAGE,Newcastle United FC,PSV,3,0,2,England,Netherlands,1541.932067622426,1544.982593654232,-3.05052603180593,12,1.8638607074307652,1.2924321360021938,26,2.5781464217164793,1.7210035645736224,4.0,3.0,1.0
551986,2026-01-21 20:00:00+00:00,LEAGUE_STAGE,Atalanta BC,Athletic Club,2,3,0,Italy,Spain,1555.3058290725269,1491.1039677711428,64.20186130138404,16,1.5781464217164793,0.863860707430765,6,1.1495749931450507,1.1495749931450507,4.0,4.0,0.0
551988,2026-01-21 20:00:00+00:00,LEAGUE_STAGE,Juventus FC,Sport Lisboa e Benfica,2,0,2,Italy,Portugal,1690.9592223563268,1468.7470115884787,222.2122107678481,16,1.5781464217164793,1.2924321360021938,24,1.2924321360021938,1.2924321360021938,4.0,3.0,1.0
551949,2026-01-21 20:00:00+00:00,LEAGUE_STAGE,Olympique de Marseille,Liverpool FC,0,3,0,France,England,1467.5498823234548,1795.185659938284,-327.6357776148293,6,1.5781464217164793,1.5781464217164793,16,1.8638607074307652,1.4352892788593365,3.0,4.0,-1.0
551914,2026-01-21 20:00:00+00:00,LEAGUE_STAGE,FC Bayern München,Royale Union Saint-Gilloise,2,0,2,Germany,Belgium,1808.8222313579768,1396.3356064932657,412.4866248647111,32,2.149574993145051,1.4352892788593365,6,1.2924321360021938,2.149574993145051,4.0,2.0,2.0
551921,2026-01-21 20:00:00+00:00,LEAGUE_STAGE,Chelsea FC,Paphos FC,1,0,2,England,Cyprus,1530.5240831508843,1357.821243756837,172.70283939404726,6,2.2924321360021938,1.4352892788593365,6,1.1495749931450507,1.2924321360021938,4.0,1.0,3.0
551956,2026-01-21 20:00:00+00:00,LEAGUE_STAGE,SK Slavia Praha,FC Barcelona,2,4,0,Czech Republic,Spain,1343.4282775058584,1720.5147816286126,-377.08650412275415,6,0.7210035645736221,1.5781464217164793,30,2.2924321360021938,1.8638607074307652,1.0,4.0,-3.0
552030,2026-01-28 20:00:00+00:00,LEAGUE_STAGE,AFC Ajax,PAE Olympiakos SFP,1,2,0,Netherlands,Greece,1411.5323145575458,1379.3328345648358,32.19947999270994,7,1.5781464217164793,1.8638607074307652,7,1.7210035645736224,1.4352892788593365,3.0,1.0,2.0
552028,2026-01-28 20:00:00+00:00,LEAGUE_STAGE,Athletic Club,Sporting Clube de Portugal,2,3,0,Spain,Portugal,1505.0314581275784,1512.8766596658756,-7.84520153829726,7,1.1495749931450507,1.2924321360021938,17,1.7210035645736224,1.4352892788593365,4.0,3.0,1.0
551920,2026-01-28 20:00:00+00:00,LEAGUE_STAGE,SSC Napoli,Chelsea FC,2,3,0,Italy,England,1496.6835740555093,1534.309747184608,-37.62617312909879,15,1.1495749931450507,1.1495749931450507,7,1.7210035645736224,1.2924321360021938,4.0,4.0,0.0
552051,2026-01-28 20:00:00+00:00,LEAGUE_STAGE,Paphos FC,SK Slavia Praha,4,1,2,Cyprus,Czech Republic,1354.0355797231132,1339.0967674726264,14.938812250486762,7,1.1495749931450507,1.4352892788593365,7,1.006717850287908,2.149574993145051,1.0,1.0,0.0
552006,2026-01-28 20:00:00+00:00,LEAGUE_STAGE,AS Monaco FC,Juventus FC,0,0,1,Monaco,Italy,1403.9405151814476,1695.1836036406794,-291.2430884592318,17,1.4352892788593365,1.8638607074307652,17,1.8638607074307652,1.1495749931450507,1.0,4.0,-3.0
551926,2026-01-28 20:00:00+00:00,LEAGUE_STAGE,Sport Lisboa e Benfica,Real Madrid CF,4,2,2,Portugal,Spain,1464.522630304126,1842.4723694308357,-377.9497391267096,25,1.2924321360021938,1.1495749931450507,34,2.2924321360021938,1.7210035645736224,3.0,4.0,-1.0
551932,2026-01-28 20:00:00+00:00,LEAGUE_STAGE,Borussia Dortmund,FC Internazionale Milano,0,2,0,Germany,Italy,1714.2190521996126,1769.3837421626233,-55.16468996301069,34,1.7210035645736224,1.8638607074307652,30,1.2924321360021938,1.7210035645736224,4.0,4.0,0.0
551913,2026-01-28 20:00:00+00:00,LEAGUE_STAGE,PSV,FC Bayern München,1,2,0,Netherlands,Germany,1531.436686609819,1810.3909586733464,-278.95427206352747,27,1.7210035645736224,1.8638607074307652,33,1.8638607074307652,1.4352892788593365,3.0,4.0,-1.0
552050,2026-01-28 20:00:00+00:00,LEAGUE_STAGE,Paris Saint-Germain FC,Newcastle United FC,1,1,1,France,England,1811.4441464311506,1555.4779746668391,255.9661717643114,36,1.7210035645736224,1.7210035645736224,13,1.8638607074307652,1.2924321360021938,3.0,4.0,-1.0
551998,2026-01-28 20:00:00+00:00,LEAGUE_STAGE,Eintracht Frankfurt,Tottenham Hotspur FC,0,2,0,Germany,England,1463.6195893398833,1536.9447361585965,-73.32514681871316,7,1.1495749931450507,1.8638607074307652,7,2.4352892788593365,1.4352892788593365,4.0,4.0,0.0
551993,2026-01-28 20:00:00+00:00,LEAGUE_STAGE,Club Brugge KV,Olympique de Marseille,3,0,2,Belgium,France,1443.038582981256,1460.8364586641133,-17.79787568285724,19,1.7210035645736224,2.149574993145051,7,1.4352892788593365,1.7210035645736224,2.0,3.0,-1.0
552007,2026-01-28 20:00:00+00:00,LEAGUE_STAGE,Club Atlético de Madrid,FK Bodø/Glimt,1,2,0,Spain,Norway,1727.481520927125,1364.7636043253215,362.7179166018036,27,2.006717850287908,1.4352892788593365,7,1.7210035645736224,1.7210035645736224,4.0,1.0,3.0
551950,2026-01-28 20:00:00+00:00,LEAGUE_STAGE,Liverpool FC,Qarabağ Ağdam FK,6,0,2,England,Azerbaijan,1801.8990835976256,1359.874766738434,442.0243168591917,17,1.5781464217164793,1.2924321360021938,7,1.7210035645736224,2.149574993145051,4.0,1.0,3.0
551957,2026-01-28 20:00:00+00:00,LEAGUE_STAGE,FC Barcelona,FC København,4,1,2,Spain,Denmark,1724.8462916618446,1378.2661988904608,346.58009277138376,31,2.006717850287908,2.006717850287908,15,1.7210035645736224,2.006717850287908,4.0,1.0,3.0
551970,2026-01-28 20:00:00+00:00,LEAGUE_STAGE,Bayer 04 Leverkusen,Villarreal CF,3,0,2,Germany,Spain,1653.970804774499,1443.375296283288,210.59550849121092,17,1.4352892788593365,1.2924321360021938,7,1.1495749931450507,2.149574993145051,4.0,4.0,0.0
551980,2026-01-28 20:00:00+00:00,LEAGUE_STAGE,Arsenal FC,FK Kairat,3,2,2,England,Kazakhstan,1834.7608666396968,1300.734294025001,534.0265726146959,31,2.4352892788593365,1.006717850287908,7,1.2924321360021938,2.149574993145051,4.0,1.0,3.0
551987,2026-01-28 20:00:00+00:00,LEAGUE_STAGE,Royale Union Saint-Gilloise,Atalanta BC,1,0,2,Belgium,Italy,1394.766879177896,1541.3783387160913,-146.61145953819528,7,1.2924321360021938,1.8638607074307652,17,1.8638607074307652,1.2924321360021938,2.0,4.0,-2.0
551967,2026-01-28 20:00:00+00:00,LEAGUE_STAGE,Manchester City FC,Galatasaray SK,2,0,2,England,Turkey,1756.4212913744232,1419.9173160762123,336.5039752982109,27,1.7210035645736224,1.7210035645736224,13,1.2924321360021938,1.1495749931450507,4.0,2.0,2.0
552055,2026-02-17 17:45:00+00:00,PLAYOFFS,Galatasaray SK,Juventus FC,5,2,2,Turkey,Italy,1417.559632975612,1689.7563807496401,-272.19674777402815,14,0.863860707430765,1.4352892788593365,18,1.7210035645736224,1.006717850287908,2.0,4.0,-2.0
552053,2026-02-17 20:00:00+00:00,PLAYOFFS,AS Monaco FC,Paris Saint-Germain FC,2,3,0,Monaco,France,1409.3677380724869,1803.9703677778755,-394.6026297053886,18,1.2924321360021938,1.8638607074307652,37,1.7210035645736224,1.5781464217164793,1.0,3.0,-2.0
552052,2026-02-17 20:00:00+00:00,PLAYOFFS,Sport Lisboa e Benfica,Real Madrid CF,0,1,0,Portugal,Spain,1488.4935879344205,1818.5014118005413,-330.0078238661208,26,1.8638607074307652,1.2924321360021938,35,2.5781464217164793,2.149574993145051,3.0,4.0,-1.0
552057,2026-02-17 20:15:00+00:00,PLAYOFFS,Borussia Dortmund,Atalanta BC,2,0,2,Germany,Italy,1699.067729989305,1529.4842575303596,169.58347245894538,35,1.5781464217164793,1.5781464217164793,18,1.7210035645736224,1.4352892788593365,4.0,4.0,0.0
552054,2026-02-18 17:45:00+00:00,PLAYOFFS,Qarabağ Ağdam FK,Newcastle United FC,1,6,0,Azerbaijan,England,1357.5624537088684,1562.9517533201142,-205.38929961124586,8,1.4352892788593365,2.721003564573622,14,1.7210035645736224,1.4352892788593365,1.0,4.0,-3.0
552056,2026-02-18 20:00:00+00:00,PLAYOFFS,Club Brugge KV,Club Atlético de Madrid,3,3,1,Belgium,Spain,1457.2908755177639,1708.9320819001207,-251.6412063823568,20,1.7210035645736224,1.7210035645736224,28,1.7210035645736224,1.5781464217164793,2.0,4.0,-2.0
552058,2026-02-18 20:00:00+00:00,PLAYOFFS,PAE Olympiakos SFP,Bayer 04 Leverkusen,0,2,0,Greece,Germany,1392.4544276361007,1659.445849536954,-266.9914219008533,8,1.8638607074307652,1.4352892788593365,18,1.7210035645736224,1.2924321360021938,1.0,4.0,-3.0
552059,2026-02-18 20:00:00+00:00,PLAYOFFS,FK Bodø/Glimt,FC Internazionale Milano,3,1,2,Norway,Italy,1383.3130433523258,1784.535064372931,-401.2220210206051,8,2.006717850287908,1.7210035645736224,31,1.2924321360021938,1.5781464217164793,1.0,4.0,-3.0
552064,2026-02-24 17:45:00+00:00,PLAYOFFS,Club Atlético de Madrid,Club Brugge KV,4,1,2,Spain,Belgium,1704.3580451172684,1461.8649123006162,242.49313281665218,29,1.8638607074307652,1.8638607074307652,21,2.149574993145051,1.7210035645736224,4.0,2.0,2.0
552062,2026-02-24 20:00:00+00:00,PLAYOFFS,Newcastle United FC,Qarabağ Ağdam FK,3,2,2,England,Azerbaijan,1577.5755033399282,1342.9387036890544,234.63679965087385,15,2.4352892788593365,1.2924321360021938,9,1.5781464217164793,3.2924321360021938,4.0,1.0,3.0
552066,2026-02-24 20:00:00+00:00,PLAYOFFS,Bayer 04 Leverkusen,PAE Olympiakos SFP,0,0,1,Germany,Greece,1666.6353196267999,1385.264957546255,281.37036208054496,19,1.7210035645736224,1.2924321360021938,9,1.4352892788593365,1.1495749931450507,4.0,1.0,3.0
552067,2026-02-24 20:00:00+00:00,PLAYOFFS,FC Internazionale Milano,FK Bodø/Glimt,1,2,0,Italy,Norway,1760.0968401706355,1407.7512675546213,352.3455726160141,32,1.2924321360021938,1.7210035645736224,9,2.149574993145051,1.4352892788593365,4.0,1.0,3.0
552065,2026-02-25 17:45:00+00:00,PLAYOFFS,Atalanta BC,Borussia Dortmund,4,1,2,Italy,Germany,1524.0521470970584,1704.4998404226062,-180.4476933255478,19,1.2924321360021938,1.7210035645736224,36,1.2924321360021938,1.5781464217164793,4.0,4.0,0.0
552060,2026-02-25 20:00:00+00:00,PLAYOFFS,Real Madrid CF,Sport Lisboa e Benfica,2,1,2,Spain,Portugal,1822.3349187881831,1484.6600809467786,337.6748378414045,36,2.149574993145051,1.7210035645736224,27,1.5781464217164793,1.4352892788593365,4.0,3.0,1.0
552061,2026-02-25 20:00:00+00:00,PLAYOFFS,Paris Saint-Germain FC,AS Monaco FC,2,2,1,France,Monaco,1806.780718054015,1406.5573877963473,400.22333025766784,38,1.4352892788593365,1.4352892788593365,19,1.2924321360021938,2.006717850287908,3.0,1.0,2.0
552063,2026-02-25 20:00:00+00:00,PLAYOFFS,Juventus FC,Galatasaray SK,3,2,2,Italy,Turkey,1663.725306508493,1443.590707216759,220.13459929173405,19,1.5781464217164793,1.4352892788593365,15,1.5781464217164793,1.5781464217164793,4.0,2.0,2.0
552069,2026-03-10 17:45:00+00:00,LAST_16,Galatasaray SK,Liverpool FC,1,0,2,Turkey,England,1440.5731019265131,1804.211396627191,-363.638294700678,16,1.8638607074307652,1.8638607074307652,18,2.2924321360021938,1.2924321360021938,2.0,4.0,-2.0
552073,2026-03-10 20:00:00+00:00,LAST_16,Club Atlético de Madrid,Tottenham Hotspur FC,5,2,2,Spain,England,1709.0387707795728,1551.3585338426162,157.6802369369566,30,2.006717850287908,1.7210035645736224,8,2.149574993145051,1.4352892788593365,4.0,4.0,0.0
552072,2026-03-10 20:00:00+00:00,LAST_16,Newcastle United FC,FC Barcelona,1,1,1,England,Spain,1580.3853785360561,1727.5839901507652,-147.19861161470908,16,2.5781464217164793,1.2924321360021938,32,2.149574993145051,1.7210035645736224,4.0,4.0,0.0
552071,2026-03-10 20:00:00+00:00,LAST_16,Atalanta BC,FC Bayern München,1,6,0,Italy,Germany,1546.2452088570105,1815.2180301679634,-268.9728213109529,20,1.5781464217164793,1.7210035645736224,34,1.8638607074307652,1.4352892788593365,4.0,4.0,0.0
552075,2026-03-11 17:45:00+00:00,LAST_16,Bayer 04 Leverkusen,Arsenal FC,1,1,1,Germany,England,1658.8560144462929,1835.3277275724154,-176.4717131261225,20,1.4352892788593365,1.006717850287908,32,2.4352892788593365,1.2924321360021938,4.0,4.0,0.0
552068,2026-03-11 20:00:00+00:00,LAST_16,Paris Saint-Germain FC,Chelsea FC,5,2,2,France,England,1797.966302277532,1545.523352600353,252.44294967717883,39,1.7210035645736224,1.7210035645736224,8,1.8638607074307652,1.2924321360021938,3.0,4.0,-1.0
552070,2026-03-11 20:00:00+00:00,LAST_16,Real Madrid CF,Manchester City FC,3,0,2,Spain,England,1823.9917814922826,1758.7789744750235,65.21280701725914,37,2.2924321360021938,1.5781464217164793,28,1.4352892788593365,1.5781464217164793,4.0,4.0,0.0
552074,2026-03-11 20:00:00+00:00,LAST_16,FK Bodø/Glimt,Sporting Clube de Portugal,3,0,2,Norway,Portugal,1426.218299290785,1524.9240906047908,-98.70579131400586,10,2.149574993145051,1.2924321360021938,18,2.006717850287908,1.5781464217164793,1.0,3.0,-2.0
552082,2026-03-17 17:45:00+00:00,LAST_16,Sporting Clube de Portugal,FK Bodø/Glimt,5,0,2,Portugal,Norway,1506.67195338194,1444.4704365136356,62.20151686830445,19,1.5781464217164793,2.006717850287908,11,2.149574993145051,1.1495749931450507,3.0,1.0,2.0
552076,2026-03-17 20:00:00+00:00,LAST_16,Chelsea FC,Paris Saint-Germain FC,0,3,0,England,France,1541.0696868342748,1802.4199680436102,-261.35028120933544,9,1.7210035645736224,2.006717850287908,40,2.2924321360021938,1.7210035645736224,4.0,3.0,1.0
552078,2026-03-17 20:00:00+00:00,LAST_16,Manchester City FC,Real Madrid CF,1,2,0,England,Spain,1748.30365457009,1834.467101397216,-86.16344682712611,29,1.4352892788593365,1.7210035645736224,38,1.8638607074307652,1.4352892788593365,4.0,4.0,0.0
552083,2026-03-17 20:00:00+00:00,LAST_16,Arsenal FC,Bayer 04 Leverkusen,2,0,2,England,Germany,1832.6202744920831,1661.5634675266251,171.056806965458,33,2.149574993145051,1.2924321360021938,21,1.5781464217164793,0.863860707430765,4.0,4.0,0.0
552080,2026-03-18 17:45:00+00:00,LAST_16,FC Barcelona,Newcastle United FC,7,2,2,Spain,England,1725.6736208793293,1582.295747807492,143.37787307183726,33,2.2924321360021938,1.4352892788593365,17,2.2924321360021938,1.4352892788593365,4.0,4.0,0.0
552077,2026-03-18 20:00:00+00:00,LAST_16,Liverpool FC,Galatasaray SK,4,0,2,England,Turkey,1787.4804674160985,1457.3040311376058,330.1764362784927,19,2.149574993145051,0.863860707430765,17,1.8638607074307652,1.7210035645736224,4.0,2.0,2.0
552079,2026-03-18 20:00:00+00:00,LAST_16,FC Bayern München,Atalanta BC,4,1,2,Germany,Italy,1826.489152213686,1534.9740868112879,291.51506540239825,35,2.5781464217164793,1.1495749931450507,21,1.4352892788593365,2.149574993145051,4.0,4.0,0.0
552081,2026-03-18 20:00:00+00:00,LAST_16,Tottenham Hotspur FC,Club Atlético de Madrid,3,2,2,England,Spain,1544.329482457372,1716.067822164817,-171.738339707445,9,2.006717850287908,1.4352892788593365,31,2.5781464217164793,1.8638607074307652,4.0,4.0,0.0
556719,2026-04-07 19:00:00+00:00,QUARTER_FINALS,Real Madrid CF,FC Bayern München,1,2,0,Spain,Germany,1844.2897217442155,1830.1403199749607,14.149401769254837,39,1.8638607074307652,1.006717850287908,36,2.721003564573622,1.1495749931450507,4.0,4.0,0.0
556721,2026-04-07 19:00:00+00:00,QUARTER_FINALS,Sporting Clube de Portugal,Arsenal FC,0,1,0,Portugal,England,1520.35962541573,1838.0152594058177,-317.6556339900876,20,2.149574993145051,1.5781464217164793,34,2.006717850287908,1.2924321360021938,3.0,4.0,-1.0
556720,2026-04-08 19:00:00+00:00,QUARTER_FINALS,FC Barcelona,Club Atlético de Madrid,0,2,0,Spain,Spain,1735.3581782882954,1703.4870794470337,31.871098841261755,34,3.006717850287908,1.5781464217164793,32,2.721003564573622,2.006717850287908,4.0,4.0,0.0
556718,2026-04-08 19:00:00+00:00,QUARTER_FINALS,Paris Saint-Germain FC,Liverpool FC,2,0,2,France,England,1811.4401847882386,1790.9277622804714,20.51242250776727,41,2.5781464217164793,1.5781464217164793,20,2.5781464217164793,0.863860707430765,3.0,4.0,-1.0
556724,2026-04-14 19:00:00+00:00,QUARTER_FINALS,Club Atlético de Madrid,FC Barcelona,1,2,0,Spain,Spain,1722.0317467153366,1716.8135110199926,5.218235695343992,33,2.5781464217164793,1.5781464217164793,35,2.4352892788593365,1.5781464217164793,4.0,4.0,0.0
556722,2026-04-14 19:00:00+00:00,QUARTER_FINALS,Liverpool FC,Paris Saint-Germain FC,0,2,0,England,France,1780.7664761988256,1821.6014708698845,-40.834994671058894,21,2.149574993145051,1.1495749931450507,42,2.4352892788593365,1.2924321360021938,4.0,3.0,1.0
556723,2026-04-15 19:00:00+00:00,QUARTER_FINALS,FC Bayern München,Real Madrid CF,4,3,2,Germany,Spain,1842.7857198712384,1831.6443218479378,11.141398023300553,37,2.721003564573622,1.2924321360021938,40,1.8638607074307652,1.2924321360021938,4.0,4.0,0.0
556725,2026-04-15 19:00:00+00:00,QUARTER_FINALS,Arsenal FC,Sporting Clube de Portugal,0,0,1,England,Portugal,1842.073942261213,1516.3009425603348,325.77299970087824,35,1.7210035645736224,1.1495749931450507,21,1.8638607074307652,1.5781464217164793,4.0,3.0,1.0
552092,2026-04-28 19:00:00+00:00,SEMI_FINALS,Paris Saint-Germain FC,FC Bayern München,5,4,2,France,Germany,1837.3310737551192,1850.22102129575,-12.889947540630828,43,2.4352892788593365,1.006717850287908,38,3.006717850287908,1.5781464217164793,3.0,4.0,-1.0
552093,2026-04-29 19:00:00+00:00,SEMI_FINALS,Club Atlético de Madrid,Arsenal FC,1,1,1,Spain,England,1709.6270005498343,1833.837936718847,-124.21093616901271,34,2.149574993145051,1.7210035645736224,36,1.2924321360021938,0.863860707430765,4.0,4.0,0.0
552095,2026-05-05 19:00:00+00:00,SEMI_FINALS,Arsenal FC,Club Atlético de Madrid,1,0,2,England,Spain,1832.5722677235865,1710.8926695450948,121.67959817849169,37,1.2924321360021938,0.863860707430765,35,1.5781464217164793,1.5781464217164793,4.0,4.0,0.0
552094,2026-05-06 19:00:00+00:00,SEMI_FINALS,FC Bayern München,Paris Saint-Germain FC,1,1,1,Germany,France,1842.1289345340022,1845.423160516867,-3.294225982864873,39,2.721003564573622,2.149574993145051,44,2.4352892788593365,1.2924321360021938,4.0,3.0,1.0
552096,2026-05-30 16:00:00+00:00,FINAL,Paris Saint-Germain FC,Arsenal FC,5,4,2,France,England,1847.5957452905839,1837.3421215998037,10.25362369078016,45,2.149574993145051,1.4352892788593365,38,1.1495749931450507,0.863860707430765,3.0,4.0,-1.0
575323,2026-09-08 16:45:00+00:00,LEAGUE_STAGE,Club Brugge KV,Aston Villa FC,2,3,0,Belgium,England,1457.1841866383118,1570.0950891646357,-112.91090252632398,22,2.2924321360021938,1.8638607074307652,12,2.149574993145051,1.5781464217164793,2.0,4.0,-2.0
575324,2026-09-08 16:45:00+00:00,LEAGUE_STAGE,PAE AEK,LASK Linz,1,0,2,Greece,Austria,1350.0,1350.0,0.0,0,1.682341650671785,1.682341650671785,0,1.682341650671785,1.682341650671785,1.0,1.0,0.0
575325,2026-09-08 19:00:00+00:00,LEAGUE_STAGE,Real Madrid CF,FC Internazionale Milano,2,1,2,Spain,Italy,1824.2090204234262,1741.629808434472,82.57921198895428,41,2.006717850287908,1.7210035645736224,33,1.4352892788593365,1.8638607074307652,4.0,4.0,0.0
575326,2026-09-08 19:00:00+00:00,LEAGUE_STAGE,FC Porto,Manchester City FC,0,2,0,Portugal,England,1497.803117144148,1738.4810342230905,-240.67791707894253,8,2.006717850287908,2.149574993145051,30,1.2924321360021938,1.8638607074307652,3.0,4.0,-1.0
575327,2026-09-08 19:00:00+00:00,LEAGUE_STAGE,Borussia Dortmund,Villarreal CF,3,2,2,Germany,Spain,1682.306778662654,1437.9002515208329,244.40652714182124,37,1.1495749931450507,1.8638607074307652,8,1.1495749931450507,2.4352892788593365,4.0,4.0,0.0
575328,2026-09-08 19:00:00+00:00,LEAGUE_STAGE,Lille OSC,Real Betis Balompié,2,3,0,France,Spain,1517.9819334486206,1500.0,17.981933448620566,10,2.006717850287908,1.5781464217164793,0,1.682341650671785,1.682341650671785,3.0,4.0,-1.0
575329,2026-09-09 16:45:00+00:00,LEAGUE_STAGE,FC Barcelona,Feyenoord Rotterdam,5,1,2,Spain,Netherlands,1729.2182571854948,1478.440977631714,250.77727955378077,36,2.149574993145051,1.5781464217164793,18,1.1495749931450507,1.4352892788593365,4.0,3.0,1.0
575330,2026-09-09 16:45:00+00:00,LEAGUE_STAGE,VfB Stuttgart,Viking FK,3,1,2,Germany,Norway,1475.7562032789026,1350.0,125.7562032789026,8,2.149574993145051,2.2924321360021938,0,1.682341650671785,1.682341650671785,4.0,1.0,3.0
575334,2026-09-09 19:00:00+00:00,LEAGUE_STAGE,Sporting Clube de Portugal,Galatasaray SK,3,1,2,Portugal,Turkey,1524.5369481027008,1453.8567362732329,70.68021182946791,22,1.4352892788593365,1.2924321360021938,18,1.8638607074307652,2.006717850287908,3.0,2.0,1.0
575333,2026-09-09 19:00:00+00:00,LEAGUE_STAGE,SSC Napoli,Arsenal FC,0,1,0,Italy,England,1485.4699686397644,1829.8829331155,-344.41296447573563,16,1.4352892788593365,1.5781464217164793,39,1.5781464217164793,1.5781464217164793,4.0,4.0,0.0
575331,2026-09-09 19:00:00+00:00,LEAGUE_STAGE,Liverpool FC,Club Atlético de Madrid,2,1,2,England,Spain,1765.0368733135908,1706.1228156688776,58.91405764471324,22,1.2924321360021938,1.4352892788593365,36,1.2924321360021938,1.2924321360021938,4.0,4.0,0.0
575332,2026-09-09 19:00:00+00:00,LEAGUE_STAGE,Paris Saint-Germain FC,ŠK Slovan Bratislava,6,1,2,France,Slovakia,1855.0549337748876,1289.3241759803595,565.730757794528,46,2.5781464217164793,2.006717850287908,8,1.4352892788593365,2.4352892788593365,3.0,1.0,2.0
575335,2026-09-10 16:45:00+00:00,LEAGUE_STAGE,Fenerbahçe SK,AS Roma,1,1,1,Turkey,Italy,1400.0,1500.0,-100.0,0,1.682341650671785,1.682341650671785,0,1.682341650671785,1.682341650671785,2.0,4.0,-2.0
575336,2026-09-10 16:45:00+00:00,LEAGUE_STAGE,PSV,FK Shakhtar Donetsk,1,1,1,Netherlands,Ukraine,1526.609615115202,1368.9389627561823,157.67065235901964,28,1.7210035645736224,2.006717850287908,14,1.5781464217164793,2.2924321360021938,3.0,1.0,2.0
575338,2026-09-10 19:00:00+00:00,LEAGUE_STAGE,Manchester United FC,Sabah FK,4,0,2,England,Azerbaijan,1473.6263093982866,1350.0,123.6263093982866,6,1.7210035645736224,1.8638607074307652,0,1.682341650671785,1.682341650671785,4.0,1.0,3.0
575339,2026-09-10 19:00:00+00:00,LEAGUE_STAGE,Como 1907,RB Leipzig,4,1,2,Italy,Germany,1500.0,1479.4636226263933,20.536377373606683,0,1.682341650671785,1.682341650671785,16,1.2924321360021938,1.5781464217164793,4.0,4.0,0.0
575337,2026-09-10 19:00:00+00:00,LEAGUE_STAGE,FC Bayern München,FK Bodø/Glimt,5,0,2,Germany,Norway,1839.9563497602853,1430.7827644798456,409.17358528043974,40,2.2924321360021938,2.149574993145051,12,1.8638607074307652,1.7210035645736224,4.0,1.0,3.0
575340,2026-09-10 19:00:00+00:00,LEAGUE_STAGE,SK Slavia Praha,Racing Club de Lens,2,3,0,Czech Republic,France,1326.3948043551177,1461.17242100803,-134.77761665291223,8,1.1495749931450507,2.2924321360021938,6,1.1495749931450507,2.006717850287908,1.0,3.0,-2.0
